<?xml version="1.0" encoding="UTF-8"?><CodeSystem xmlns="http://hl7.org/fhir"><id value="post-event-type-name-cs"/><text><status value="generated"/><div xmlns="http://www.w3.org/1999/xhtml"><p class="res-header-id"><b>Generated Narrative: CodeSystem post-event-type-name-cs</b></p><a name="post-event-type-name-cs"> </a><a name="hcpost-event-type-name-cs"> </a><p>This  code system <code>http://example.org/fhir/CodeSystem/post-event-type-name</code> defines the following codes:</p><table class="codes"><tr><td style="white-space:nowrap"><b>Code</b></td><td><b>Display</b></td></tr><tr><td style="white-space:nowrap">episodes-aki-after-ltx<a name="post-event-type-name-cs-episodes-aki-after-ltx"> </a></td><td>Episodes of AKI after LTx</td></tr><tr><td style="white-space:nowrap">hypoxic-ischemic-after-pltx<a name="post-event-type-name-cs-hypoxic-ischemic-after-pltx"> </a></td><td>Hypoxic ischemic events after pLTx</td></tr><tr><td style="white-space:nowrap">liver-rejection-banff<a name="post-event-type-name-cs-liver-rejection-banff"> </a></td><td>Histological evidence of liver rejection based on Banff classification (IC/IF/C4d)</td></tr><tr><td style="white-space:nowrap">intestinal-mmf-toxicity<a name="post-event-type-name-cs-intestinal-mmf-toxicity"> </a></td><td>Histological evidence of intestinal MMF toxicity on intestinal biopsy</td></tr><tr><td style="white-space:nowrap">dialysis-after-tx<a name="post-event-type-name-cs-dialysis-after-tx"> </a></td><td>Dialysis after transplant (yes/no, start and stop date, type)</td></tr><tr><td style="white-space:nowrap">tma-kidney-biopsy<a name="post-event-type-name-cs-tma-kidney-biopsy"> </a></td><td>Histological evidence of Thrombotic Microangiopathy (TMA) on kidney biopsy</td></tr><tr><td style="white-space:nowrap">cni-toxicity<a name="post-event-type-name-cs-cni-toxicity"> </a></td><td>Histological evidence of CNI toxicity</td></tr><tr><td style="white-space:nowrap">bkv-kidney-biopsy<a name="post-event-type-name-cs-bkv-kidney-biopsy"> </a></td><td>Histological evidence of BKV virus/ BKV-DNA on kidney biopsy/ BKV FISH on kidney biopsy</td></tr><tr><td style="white-space:nowrap">mmf-related-enteropathy<a name="post-event-type-name-cs-mmf-related-enteropathy"> </a></td><td>Histological evidence of MMF-related enteropathy</td></tr><tr><td style="white-space:nowrap">regression-after-dose-change<a name="post-event-type-name-cs-regression-after-dose-change"> </a></td><td>Regression of symptoms after suspension/dose reduction</td></tr><tr><td style="white-space:nowrap">other-organ-damage<a name="post-event-type-name-cs-other-organ-damage"> </a></td><td>Other organ damage</td></tr><tr><td style="white-space:nowrap">alloimmunization<a name="post-event-type-name-cs-alloimmunization"> </a></td><td>Alloimmunization</td></tr><tr><td style="white-space:nowrap">delayed-graft-function<a name="post-event-type-name-cs-delayed-graft-function"> </a></td><td>Delayed Graft function</td></tr><tr><td style="white-space:nowrap">liver-rejection-episode-histology<a name="post-event-type-name-cs-liver-rejection-episode-histology"> </a></td><td>Liver rejection episode histology (histology (description, Banff category, immunohistochemistry/IF/C4d)</td></tr><tr><td style="white-space:nowrap">previous-liver-rejections<a name="post-event-type-name-cs-previous-liver-rejections"> </a></td><td>Previous liver rejections (Banff category, treatment)</td></tr><tr><td style="white-space:nowrap">chronic-liver-rejection-histology<a name="post-event-type-name-cs-chronic-liver-rejection-histology"> </a></td><td>Chronic liver rejection histology (description, Banff, category, IHC/IF/C4d)</td></tr><tr><td style="white-space:nowrap">monoclonal-proliferation-biopsy<a name="post-event-type-name-cs-monoclonal-proliferation-biopsy"> </a></td><td>Monoclonal proliferation on biopsy</td></tr><tr><td style="white-space:nowrap">liver-replacement-therapy<a name="post-event-type-name-cs-liver-replacement-therapy"> </a></td><td>Liver replacement therapy (need for retransplantation)</td></tr><tr><td style="white-space:nowrap">kidney-rejection-episode-histology<a name="post-event-type-name-cs-kidney-rejection-episode-histology"> </a></td><td>Kidney rejection episode histology (description, Banff category, immunochemistry/if/c4D)</td></tr><tr><td style="white-space:nowrap">previous-kidney-rejection<a name="post-event-type-name-cs-previous-kidney-rejection"> </a></td><td>Previous kidney rejection (Banff category, treatment)</td></tr><tr><td style="white-space:nowrap">kidney-replacement-therapy<a name="post-event-type-name-cs-kidney-replacement-therapy"> </a></td><td>Kidney replacement therapy (Need for retransplantation)</td></tr></table></div></text><url value="http://example.org/fhir/CodeSystem/post-event-type-name"/><version value="0.1.0"/><name value="PostEventTypeNameCS"/><title value="Post Event Type Name"/><status value="draft"/><date value="2025-12-10T14:43:23+01:00"/><publisher value="Your Organization"/><contact><name value="Your Organization"/><telecom><system value="url"/><value value="https://example.org"/></telecom></contact><description value="Types of post-transplant events."/><content value="complete"/><count value="21"/><concept><code value="episodes-aki-after-ltx"/><display value="Episodes of AKI after LTx"/><designation><use><system value="http://terminology.hl7.org/CodeSystem/hl7TermMaintInfra"/><code value="preferredForLanguage"/></use><value value="Episodes of AKI after LTx"/></designation></concept><concept><code value="hypoxic-ischemic-after-pltx"/><display value="Hypoxic ischemic events after pLTx"/><designation><use><system value="http://terminology.hl7.org/CodeSystem/hl7TermMaintInfra"/><code value="preferredForLanguage"/></use><value value="Hypoxic ischemic events after pLTx"/></designation></concept><concept><code value="liver-rejection-banff"/><display value="Histological evidence of liver rejection based on Banff classification (IC/IF/C4d)"/><designation><use><system value="http://terminology.hl7.org/CodeSystem/hl7TermMaintInfra"/><code value="preferredForLanguage"/></use><value value="Histological evidence of liver rejection based on Banff classification (IC/IF/C4d)"/></designation></concept><concept><code value="intestinal-mmf-toxicity"/><display value="Histological evidence of intestinal MMF toxicity on intestinal biopsy"/><designation><use><system value="http://terminology.hl7.org/CodeSystem/hl7TermMaintInfra"/><code value="preferredForLanguage"/></use><value value="Histological evidence of intestinal MMF toxicity on intestinal biopsy"/></designation></concept><concept><code value="dialysis-after-tx"/><display value="Dialysis after transplant (yes/no, start and stop date, type)"/><designation><use><system value="http://terminology.hl7.org/CodeSystem/hl7TermMaintInfra"/><code value="preferredForLanguage"/></use><value value="Dialysis after transplant (yes/no, start and stop date, type)"/></designation></concept><concept><code value="tma-kidney-biopsy"/><display value="Histological evidence of Thrombotic Microangiopathy (TMA) on kidney biopsy"/><designation><use><system value="http://terminology.hl7.org/CodeSystem/hl7TermMaintInfra"/><code value="preferredForLanguage"/></use><value value="Histological evidence of Thrombotic Microangiopathy (TMA) on kidney biopsy"/></designation></concept><concept><code value="cni-toxicity"/><display value="Histological evidence of CNI toxicity"/><designation><use><system value="http://terminology.hl7.org/CodeSystem/hl7TermMaintInfra"/><code value="preferredForLanguage"/></use><value value="Histological evidence of CNI toxicity"/></designation></concept><concept><code value="bkv-kidney-biopsy"/><display value="Histological evidence of BKV virus/ BKV-DNA on kidney biopsy/ BKV FISH on kidney biopsy"/><designation><use><system value="http://terminology.hl7.org/CodeSystem/hl7TermMaintInfra"/><code value="preferredForLanguage"/></use><value value="Histological evidence of BKV virus/ BKV-DNA on kidney biopsy/ BKV FISH on kidney biopsy"/></designation></concept><concept><code value="mmf-related-enteropathy"/><display value="Histological evidence of MMF-related enteropathy"/><designation><use><system value="http://terminology.hl7.org/CodeSystem/hl7TermMaintInfra"/><code value="preferredForLanguage"/></use><value value="Histological evidence of MMF-related enteropathy"/></designation></concept><concept><code value="regression-after-dose-change"/><display value="Regression of symptoms after suspension/dose reduction"/><designation><use><system value="http://terminology.hl7.org/CodeSystem/hl7TermMaintInfra"/><code value="preferredForLanguage"/></use><value value="Regression of symptoms after suspension/dose reduction"/></designation></concept><concept><code value="other-organ-damage"/><display value="Other organ damage"/><designation><use><system value="http://terminology.hl7.org/CodeSystem/hl7TermMaintInfra"/><code value="preferredForLanguage"/></use><value value="Other organ damage"/></designation></concept><concept><code value="alloimmunization"/><display value="Alloimmunization"/><designation><use><system value="http://terminology.hl7.org/CodeSystem/hl7TermMaintInfra"/><code value="preferredForLanguage"/></use><value value="Alloimmunization"/></designation></concept><concept><code value="delayed-graft-function"/><display value="Delayed Graft function"/><designation><use><system value="http://terminology.hl7.org/CodeSystem/hl7TermMaintInfra"/><code value="preferredForLanguage"/></use><value value="Delayed Graft function"/></designation></concept><concept><code value="liver-rejection-episode-histology"/><display value="Liver rejection episode histology (histology (description, Banff category, immunohistochemistry/IF/C4d)"/><designation><use><system value="http://terminology.hl7.org/CodeSystem/hl7TermMaintInfra"/><code value="preferredForLanguage"/></use><value value="Liver rejection episode histology (histology (description, Banff category, immunohistochemistry/IF/C4d)"/></designation></concept><concept><code value="previous-liver-rejections"/><display value="Previous liver rejections (Banff category, treatment)"/><designation><use><system value="http://terminology.hl7.org/CodeSystem/hl7TermMaintInfra"/><code value="preferredForLanguage"/></use><value value="Previous liver rejections (Banff category, treatment)"/></designation></concept><concept><code value="chronic-liver-rejection-histology"/><display value="Chronic liver rejection histology (description, Banff, category, IHC/IF/C4d)"/><designation><use><system value="http://terminology.hl7.org/CodeSystem/hl7TermMaintInfra"/><code value="preferredForLanguage"/></use><value value="Chronic liver rejection histology (description, Banff, category, IHC/IF/C4d)"/></designation></concept><concept><code value="monoclonal-proliferation-biopsy"/><display value="Monoclonal proliferation on biopsy"/><designation><use><system value="http://terminology.hl7.org/CodeSystem/hl7TermMaintInfra"/><code value="preferredForLanguage"/></use><value value="Monoclonal proliferation on biopsy"/></designation></concept><concept><code value="liver-replacement-therapy"/><display value="Liver replacement therapy (need for retransplantation)"/><designation><use><system value="http://terminology.hl7.org/CodeSystem/hl7TermMaintInfra"/><code value="preferredForLanguage"/></use><value value="Liver replacement therapy (need for retransplantation)"/></designation></concept><concept><code value="kidney-rejection-episode-histology"/><display value="Kidney rejection episode histology (description, Banff category, immunochemistry/if/c4D)"/><designation><use><system value="http://terminology.hl7.org/CodeSystem/hl7TermMaintInfra"/><code value="preferredForLanguage"/></use><value value="Kidney rejection episode histology (description, Banff category, immunochemistry/if/c4D)"/></designation></concept><concept><code value="previous-kidney-rejection"/><display value="Previous kidney rejection (Banff category, treatment)"/><designation><use><system value="http://terminology.hl7.org/CodeSystem/hl7TermMaintInfra"/><code value="preferredForLanguage"/></use><value value="Previous kidney rejection (Banff category, treatment)"/></designation></concept><concept><code value="kidney-replacement-therapy"/><display value="Kidney replacement therapy (Need for retransplantation)"/><designation><use><system value="http://terminology.hl7.org/CodeSystem/hl7TermMaintInfra"/><code value="preferredForLanguage"/></use><value value="Kidney replacement therapy (Need for retransplantation)"/></designation></concept></CodeSystem>