<?xml version="1.0" encoding="UTF-8"?><CodeSystem xmlns="http://hl7.org/fhir"><id value="kidney-side-cs"/><text><status value="generated"/><div xmlns="http://www.w3.org/1999/xhtml"><p class="res-header-id"><b>Generated Narrative: CodeSystem kidney-side-cs</b></p><a name="kidney-side-cs"> </a><a name="hckidney-side-cs"> </a><p>This case-insensitive code system <code>http://example.org/fhir/CodeSystem/kidney-side</code> defines the following codes:</p><table class="codes"><tr><td style="white-space:nowrap"><b>Code</b></td><td><b>Display</b></td></tr><tr><td style="white-space:nowrap">left<a name="kidney-side-cs-left"> </a></td><td>Left</td></tr><tr><td style="white-space:nowrap">right<a name="kidney-side-cs-right"> </a></td><td>Right</td></tr><tr><td style="white-space:nowrap">both<a name="kidney-side-cs-both"> </a></td><td>Both</td></tr></table></div></text><url value="http://example.org/fhir/CodeSystem/kidney-side"/><version value="0.1.0"/><name value="KidneySideCS"/><title value="Kidney Side CodeSystem"/><status value="draft"/><experimental value="true"/><date value="2025-12-10T14:43:23+01:00"/><publisher value="Your Organization"/><contact><name value="Your Organization"/><telecom><system value="url"/><value value="https://example.org"/></telecom></contact><description value="Side of the kidney for nephrectomy / transplant context."/><caseSensitive value="false"/><content value="complete"/><count value="3"/><concept><code value="left"/><display value="Left"/></concept><concept><code value="right"/><display value="Right"/></concept><concept><code value="both"/><display value="Both"/></concept></CodeSystem>