<?xml version="1.0" encoding="UTF-8"?><CodeSystem xmlns="http://hl7.org/fhir"><id value="patient-abo-group-cs"/><text><status value="generated"/><div xmlns="http://www.w3.org/1999/xhtml"><p class="res-header-id"><b>Generated Narrative: CodeSystem patient-abo-group-cs</b></p><a name="patient-abo-group-cs"> </a><a name="hcpatient-abo-group-cs"> </a><p>This case-insensitive code system <code>http://example.org/fhir/CodeSystem/patient-abo-group</code> defines the following codes:</p><table class="codes"><tr><td style="white-space:nowrap"><b>Code</b></td><td><b>Display</b></td></tr><tr><td style="white-space:nowrap">A<a name="patient-abo-group-cs-A"> </a></td><td>Group A</td></tr><tr><td style="white-space:nowrap">B<a name="patient-abo-group-cs-B"> </a></td><td>Group B</td></tr><tr><td style="white-space:nowrap">AB<a name="patient-abo-group-cs-AB"> </a></td><td>Group AB</td></tr><tr><td style="white-space:nowrap">O<a name="patient-abo-group-cs-O"> </a></td><td>Group O</td></tr></table></div></text><url value="http://example.org/fhir/CodeSystem/patient-abo-group"/><version value="0.1.0"/><name value="PatientABOGroupCS"/><title value="Patient ABO Group CodeSystem"/><status value="draft"/><experimental value="true"/><date value="2025-12-10T13:58:21+01:00"/><publisher value="Your Organization"/><contact><name value="Your Organization"/><telecom><system value="url"/><value value="https://example.org"/></telecom></contact><description value="ABO blood groups for transplant recipients (maps from OMOP A/B/AB/0)."/><caseSensitive value="false"/><content value="complete"/><count value="4"/><concept><code value="A"/><display value="Group A"/></concept><concept><code value="B"/><display value="Group B"/></concept><concept><code value="AB"/><display value="Group AB"/></concept><concept><code value="O"/><display value="Group O"/></concept></CodeSystem>