<?xml version="1.0" encoding="UTF-8"?><CodeSystem xmlns="http://hl7.org/fhir"><id value="concomitant-medication-category"/><text><status value="generated"/><div xmlns="http://www.w3.org/1999/xhtml"><p class="res-header-id"><b>Generated Narrative: CodeSystem concomitant-medication-category</b></p><a name="concomitant-medication-category"> </a><a name="hcconcomitant-medication-category"> </a><p>This  code system <code>http://example.org/fhir/CodeSystem/concomitant-medication-category</code> defines the following codes:</p><table class="codes"><tr><td style="white-space:nowrap"><b>Code</b></td><td><b>Display</b></td></tr><tr><td style="white-space:nowrap">antihypertensive<a name="concomitant-medication-category-antihypertensive"> </a></td><td>Antihypertensive treatment</td></tr><tr><td style="white-space:nowrap">antiviral-prophylaxis<a name="concomitant-medication-category-antiviral-prophylaxis"> </a></td><td>Antiviral prophylaxis</td></tr><tr><td style="white-space:nowrap">antibiotic-prophylaxis<a name="concomitant-medication-category-antibiotic-prophylaxis"> </a></td><td>Antibiotic prophylaxis</td></tr><tr><td style="white-space:nowrap">heparin-therapy-prophylaxis<a name="concomitant-medication-category-heparin-therapy-prophylaxis"> </a></td><td>Heparin therapy/prophylaxis</td></tr><tr><td style="white-space:nowrap">aspirin-therapy-prophylaxis<a name="concomitant-medication-category-aspirin-therapy-prophylaxis"> </a></td><td>Aspirin therapy/prophylaxis</td></tr><tr><td style="white-space:nowrap">ursodeoxycholic-acid<a name="concomitant-medication-category-ursodeoxycholic-acid"> </a></td><td>Ursodeoxycholic acid</td></tr></table></div></text><url value="http://example.org/fhir/CodeSystem/concomitant-medication-category"/><version value="0.1.0"/><name value="ConcomitantMedicationCategory"/><title value="Concomitant Medication Category"/><status value="draft"/><date value="2025-12-10T14:43:23+01:00"/><publisher value="Your Organization"/><contact><name value="Your Organization"/><telecom><system value="url"/><value value="https://example.org"/></telecom></contact><description value="Categories of concomitant medications."/><content value="complete"/><count value="6"/><concept><code value="antihypertensive"/><display value="Antihypertensive treatment"/><designation><use><system value="http://terminology.hl7.org/CodeSystem/hl7TermMaintInfra"/><code value="preferredForLanguage"/></use><value value="Antihypertensive treatment"/></designation></concept><concept><code value="antiviral-prophylaxis"/><display value="Antiviral prophylaxis"/><designation><use><system value="http://terminology.hl7.org/CodeSystem/hl7TermMaintInfra"/><code value="preferredForLanguage"/></use><value value="Antiviral prophylaxis"/></designation></concept><concept><code value="antibiotic-prophylaxis"/><display value="Antibiotic prophylaxis"/><designation><use><system value="http://terminology.hl7.org/CodeSystem/hl7TermMaintInfra"/><code value="preferredForLanguage"/></use><value value="Antibiotic prophylaxis"/></designation></concept><concept><code value="heparin-therapy-prophylaxis"/><display value="Heparin therapy/prophylaxis"/><designation><use><system value="http://terminology.hl7.org/CodeSystem/hl7TermMaintInfra"/><code value="preferredForLanguage"/></use><value value="Heparin therapy/prophylaxis"/></designation></concept><concept><code value="aspirin-therapy-prophylaxis"/><display value="Aspirin therapy/prophylaxis"/><designation><use><system value="http://terminology.hl7.org/CodeSystem/hl7TermMaintInfra"/><code value="preferredForLanguage"/></use><value value="Aspirin therapy/prophylaxis"/></designation></concept><concept><code value="ursodeoxycholic-acid"/><display value="Ursodeoxycholic acid"/><designation><use><system value="http://terminology.hl7.org/CodeSystem/hl7TermMaintInfra"/><code value="preferredForLanguage"/></use><value value="Ursodeoxycholic acid"/></designation></concept></CodeSystem>