<?xml version="1.0" encoding="UTF-8"?><CodeSystem xmlns="http://hl7.org/fhir"><id value="visit-type-cs"/><text><status value="generated"/><div xmlns="http://www.w3.org/1999/xhtml"><p class="res-header-id"><b>Generated Narrative: CodeSystem visit-type-cs</b></p><a name="visit-type-cs"> </a><a name="hcvisit-type-cs"> </a><p>This case-insensitive code system <code>http://example.org/fhir/CodeSystem/visit-type</code> defines the following codes:</p><table class="codes"><tr><td style="white-space:nowrap"><b>Code</b></td><td><b>Display</b></td></tr><tr><td style="white-space:nowrap">pre-transplant<a name="visit-type-cs-pre-transplant"> </a></td><td>Pre-transplant visit</td></tr><tr><td style="white-space:nowrap">month-1<a name="visit-type-cs-month-1"> </a></td><td>1 month visit</td></tr><tr><td style="white-space:nowrap">month-3<a name="visit-type-cs-month-3"> </a></td><td>3 month visit</td></tr><tr><td style="white-space:nowrap">month-5<a name="visit-type-cs-month-5"> </a></td><td>5 month visit</td></tr><tr><td style="white-space:nowrap">outcome<a name="visit-type-cs-outcome"> </a></td><td>Outcome visit</td></tr></table></div></text><url value="http://example.org/fhir/CodeSystem/visit-type"/><version value="0.1.0"/><name value="VisitTypeCS"/><title value="Visit Type CodeSystem"/><status value="draft"/><experimental value="true"/><date value="2025-12-10T14:43:23+01:00"/><publisher value="Your Organization"/><contact><name value="Your Organization"/><telecom><system value="url"/><value value="https://example.org"/></telecom></contact><description value="Type of visit in the transplant follow-up schedule."/><caseSensitive value="false"/><content value="complete"/><count value="5"/><concept><code value="pre-transplant"/><display value="Pre-transplant visit"/></concept><concept><code value="month-1"/><display value="1 month visit"/></concept><concept><code value="month-3"/><display value="3 month visit"/></concept><concept><code value="month-5"/><display value="5 month visit"/></concept><concept><code value="outcome"/><display value="Outcome visit"/></concept></CodeSystem>