<?xml version="1.0" encoding="UTF-8"?><CodeSystem xmlns="http://hl7.org/fhir"><id value="patient-hla-class-i-cs"/><text><status value="generated"/><div xmlns="http://www.w3.org/1999/xhtml"><p class="res-header-id"><b>Generated Narrative: CodeSystem patient-hla-class-i-cs</b></p><a name="patient-hla-class-i-cs"> </a><a name="hcpatient-hla-class-i-cs"> </a><p>This case-insensitive code system <code>http://example.org/fhir/CodeSystem/patient-hla-class-i</code> defines the following codes:</p><table class="codes"><tr><td style="white-space:nowrap"><b>Code</b></td></tr><tr><td style="white-space:nowrap">HLA-A<a name="patient-hla-class-i-cs-HLA-A"> </a></td></tr><tr><td style="white-space:nowrap">HLA-B<a name="patient-hla-class-i-cs-HLA-B"> </a></td></tr><tr><td style="white-space:nowrap">HLA-C<a name="patient-hla-class-i-cs-HLA-C"> </a></td></tr></table></div></text><url value="http://example.org/fhir/CodeSystem/patient-hla-class-i"/><version value="0.1.0"/><name value="PatientHLAClassICS"/><title value="Patient HLA Class I Loci CodeSystem"/><status value="draft"/><experimental value="true"/><date value="2025-12-10T13:58:21+01:00"/><publisher value="Your Organization"/><contact><name value="Your Organization"/><telecom><system value="url"/><value value="https://example.org"/></telecom></contact><description value="Class I HLA loci relevant to transplant matching."/><caseSensitive value="false"/><content value="complete"/><count value="3"/><concept><code value="HLA-A"/><display value="HLA-A"/></concept><concept><code value="HLA-B"/><display value="HLA-B"/></concept><concept><code value="HLA-C"/><display value="HLA-C"/></concept></CodeSystem>