<?xml version="1.0" encoding="UTF-8"?><CodeSystem xmlns="http://hl7.org/fhir"><id value="concomitant-disease-category"/><text><status value="generated"/><div xmlns="http://www.w3.org/1999/xhtml"><p class="res-header-id"><b>Generated Narrative: CodeSystem concomitant-disease-category</b></p><a name="concomitant-disease-category"> </a><a name="hcconcomitant-disease-category"> </a><p>This  code system <code>http://example.org/fhir/CodeSystem/concomitant-disease-category</code> defines the following codes:</p><table class="codes"><tr><td style="white-space:nowrap"><b>Code</b></td><td><b>Display</b></td></tr><tr><td style="white-space:nowrap">45879544<a name="concomitant-disease-category-45879544"> </a></td><td>Edema</td></tr><tr><td style="white-space:nowrap">4261202<a name="concomitant-disease-category-4261202"> </a></td><td>Uremia</td></tr><tr><td style="white-space:nowrap">45877479<a name="concomitant-disease-category-45877479"> </a></td><td>Itching</td></tr><tr><td style="white-space:nowrap">45884747<a name="concomitant-disease-category-45884747"> </a></td><td>Diarrhea</td></tr><tr><td style="white-space:nowrap">36308435<a name="concomitant-disease-category-36308435"> </a></td><td>Ascites</td></tr><tr><td style="white-space:nowrap">45881353<a name="concomitant-disease-category-45881353"> </a></td><td>Jaundice</td></tr><tr><td style="white-space:nowrap">134718<a name="concomitant-disease-category-134718"> </a></td><td>Hirsutism</td></tr><tr><td style="white-space:nowrap">45879799<a name="concomitant-disease-category-45879799"> </a></td><td>Diabetes</td></tr><tr><td style="white-space:nowrap">21499042<a name="concomitant-disease-category-21499042"> </a></td><td>Oligoanuria</td></tr><tr><td style="white-space:nowrap">200527<a name="concomitant-disease-category-200527"> </a></td><td>Splenomegaly</td></tr><tr><td style="white-space:nowrap">45881444<a name="concomitant-disease-category-45881444"> </a></td><td>Fatigue</td></tr><tr><td style="white-space:nowrap">315085<a name="concomitant-disease-category-315085"> </a></td><td>Lymphadenopathy</td></tr><tr><td style="white-space:nowrap">4010094<a name="concomitant-disease-category-4010094"> </a></td><td>Spider veins</td></tr><tr><td style="white-space:nowrap">195856<a name="concomitant-disease-category-195856"> </a></td><td>Cholangitis</td></tr><tr><td style="white-space:nowrap">4120314<a name="concomitant-disease-category-4120314"> </a></td><td>Hypertriglyceridemia</td></tr><tr><td style="white-space:nowrap">4029488<a name="concomitant-disease-category-4029488"> </a></td><td>Hepatic encephalopathy</td></tr><tr><td style="white-space:nowrap">4229881<a name="concomitant-disease-category-4229881"> </a></td><td>Weight loss</td></tr><tr><td style="white-space:nowrap">4272240<a name="concomitant-disease-category-4272240"> </a></td><td>Malaise</td></tr><tr><td style="white-space:nowrap">40480518<a name="concomitant-disease-category-40480518"> </a></td><td>Gingival hyperplasia</td></tr><tr><td style="white-space:nowrap">3013667<a name="concomitant-disease-category-3013667"> </a></td><td>Pale stools</td></tr><tr><td style="white-space:nowrap">197676<a name="concomitant-disease-category-197676"> </a></td><td>Hepatomegaly</td></tr><tr><td style="white-space:nowrap">4318546<a name="concomitant-disease-category-4318546"> </a></td><td>Urethral stenosis</td></tr><tr><td style="white-space:nowrap">42869825<a name="concomitant-disease-category-42869825"> </a></td><td>Left ventricular hypertrophy</td></tr><tr><td style="white-space:nowrap">376965<a name="concomitant-disease-category-376965"> </a></td><td>Hypertensive retinopathy</td></tr><tr><td style="white-space:nowrap">45877062<a name="concomitant-disease-category-45877062"> </a></td><td>Abdominal pain</td></tr><tr><td style="white-space:nowrap">44806743<a name="concomitant-disease-category-44806743"> </a></td><td>Glucose intolerance</td></tr><tr><td style="white-space:nowrap">4159144<a name="concomitant-disease-category-4159144"> </a></td><td>Hepatopulmonary syndrome</td></tr><tr><td style="white-space:nowrap">196455<a name="concomitant-disease-category-196455"> </a></td><td>Hepatorenal syndrome</td></tr><tr><td style="white-space:nowrap">434621<a name="concomitant-disease-category-434621"> </a></td><td>Concomitant autoimmune disorder</td></tr><tr><td style="white-space:nowrap">thyroid-disease-specify<a name="concomitant-disease-category-thyroid-disease-specify"> </a></td><td>Thyroid disease (specify)</td></tr><tr><td style="white-space:nowrap">anaemia<a name="concomitant-disease-category-anaemia"> </a></td><td>Anaemia</td></tr><tr><td style="white-space:nowrap">uremic-symptoms<a name="concomitant-disease-category-uremic-symptoms"> </a></td><td>Uremic symptoms</td></tr><tr><td style="white-space:nowrap">metabolic-acidosis<a name="concomitant-disease-category-metabolic-acidosis"> </a></td><td>Metabolic acidosis</td></tr><tr><td style="white-space:nowrap">hypertension<a name="concomitant-disease-category-hypertension"> </a></td><td>Hypertension</td></tr><tr><td style="white-space:nowrap">concomitant-pancreatic-disease<a name="concomitant-disease-category-concomitant-pancreatic-disease"> </a></td><td>Concomitant pancreatic disease</td></tr><tr><td style="white-space:nowrap">other-concomitant-diseases<a name="concomitant-disease-category-other-concomitant-diseases"> </a></td><td>Other concomitant diseases</td></tr><tr><td style="white-space:nowrap">other-organ-damage<a name="concomitant-disease-category-other-organ-damage"> </a></td><td>Other organ damage</td></tr><tr><td style="white-space:nowrap">4117779<a name="concomitant-disease-category-4117779"> </a></td><td>Neurological symptom – Peripheral neuropathy</td></tr><tr><td style="white-space:nowrap">376099<a name="concomitant-disease-category-376099"> </a></td><td>Neurological symptom – Tremors</td></tr><tr><td style="white-space:nowrap">373873005<a name="concomitant-disease-category-373873005"> </a></td><td>Neurological symptom – PRES</td></tr></table></div></text><url value="http://example.org/fhir/CodeSystem/concomitant-disease-category"/><version value="0.1.0"/><name value="ConcomitantDiseaseCategory"/><title value="Concomitant Disease Category"/><status value="draft"/><date value="2025-12-10T13:58:21+01:00"/><publisher value="Your Organization"/><contact><name value="Your Organization"/><telecom><system value="url"/><value value="https://example.org"/></telecom></contact><description value="Categories of relevant concomitant diseases."/><content value="complete"/><count value="40"/><concept><code value="45879544"/><display value="Edema"/><designation><use><system value="http://terminology.hl7.org/CodeSystem/hl7TermMaintInfra"/><code value="preferredForLanguage"/></use><value value="Edema"/></designation></concept><concept><code value="4261202"/><display value="Uremia"/><designation><use><system value="http://terminology.hl7.org/CodeSystem/hl7TermMaintInfra"/><code value="preferredForLanguage"/></use><value value="Uremia"/></designation></concept><concept><code value="45877479"/><display value="Itching"/><designation><use><system value="http://terminology.hl7.org/CodeSystem/hl7TermMaintInfra"/><code value="preferredForLanguage"/></use><value value="Itching"/></designation></concept><concept><code value="45884747"/><display value="Diarrhea"/><designation><use><system value="http://terminology.hl7.org/CodeSystem/hl7TermMaintInfra"/><code value="preferredForLanguage"/></use><value value="Diarrhea"/></designation></concept><concept><code value="36308435"/><display value="Ascites"/><designation><use><system value="http://terminology.hl7.org/CodeSystem/hl7TermMaintInfra"/><code value="preferredForLanguage"/></use><value value="Ascites"/></designation></concept><concept><code value="45881353"/><display value="Jaundice"/><designation><use><system value="http://terminology.hl7.org/CodeSystem/hl7TermMaintInfra"/><code value="preferredForLanguage"/></use><value value="Jaundice"/></designation></concept><concept><code value="134718"/><display value="Hirsutism"/><designation><use><system value="http://terminology.hl7.org/CodeSystem/hl7TermMaintInfra"/><code value="preferredForLanguage"/></use><value value="Hirsutism"/></designation></concept><concept><code value="45879799"/><display value="Diabetes"/><designation><use><system value="http://terminology.hl7.org/CodeSystem/hl7TermMaintInfra"/><code value="preferredForLanguage"/></use><value value="Diabetes"/></designation></concept><concept><code value="21499042"/><display value="Oligoanuria"/><designation><use><system value="http://terminology.hl7.org/CodeSystem/hl7TermMaintInfra"/><code value="preferredForLanguage"/></use><value value="Oligoanuria"/></designation></concept><concept><code value="200527"/><display value="Splenomegaly"/><designation><use><system value="http://terminology.hl7.org/CodeSystem/hl7TermMaintInfra"/><code value="preferredForLanguage"/></use><value value="Splenomegaly"/></designation></concept><concept><code value="45881444"/><display value="Fatigue"/><designation><use><system value="http://terminology.hl7.org/CodeSystem/hl7TermMaintInfra"/><code value="preferredForLanguage"/></use><value value="Fatigue"/></designation></concept><concept><code value="315085"/><display value="Lymphadenopathy"/><designation><use><system value="http://terminology.hl7.org/CodeSystem/hl7TermMaintInfra"/><code value="preferredForLanguage"/></use><value value="Lymphadenopathy"/></designation></concept><concept><code value="4010094"/><display value="Spider veins"/><designation><use><system value="http://terminology.hl7.org/CodeSystem/hl7TermMaintInfra"/><code value="preferredForLanguage"/></use><value value="Spider veins"/></designation></concept><concept><code value="195856"/><display value="Cholangitis"/><designation><use><system value="http://terminology.hl7.org/CodeSystem/hl7TermMaintInfra"/><code value="preferredForLanguage"/></use><value value="Cholangitis"/></designation></concept><concept><code value="4120314"/><display value="Hypertriglyceridemia"/><designation><use><system value="http://terminology.hl7.org/CodeSystem/hl7TermMaintInfra"/><code value="preferredForLanguage"/></use><value value="Hypertriglyceridemia"/></designation></concept><concept><code value="4029488"/><display value="Hepatic encephalopathy"/><designation><use><system value="http://terminology.hl7.org/CodeSystem/hl7TermMaintInfra"/><code value="preferredForLanguage"/></use><value value="Hepatic encephalopathy"/></designation></concept><concept><code value="4229881"/><display value="Weight loss"/><designation><use><system value="http://terminology.hl7.org/CodeSystem/hl7TermMaintInfra"/><code value="preferredForLanguage"/></use><value value="Weight loss"/></designation></concept><concept><code value="4272240"/><display value="Malaise"/><designation><use><system value="http://terminology.hl7.org/CodeSystem/hl7TermMaintInfra"/><code value="preferredForLanguage"/></use><value value="Malaise"/></designation></concept><concept><code value="40480518"/><display value="Gingival hyperplasia"/><designation><use><system value="http://terminology.hl7.org/CodeSystem/hl7TermMaintInfra"/><code value="preferredForLanguage"/></use><value value="Gingival hyperplasia"/></designation></concept><concept><code value="3013667"/><display value="Pale stools"/><designation><use><system value="http://terminology.hl7.org/CodeSystem/hl7TermMaintInfra"/><code value="preferredForLanguage"/></use><value value="Pale stools"/></designation></concept><concept><code value="197676"/><display value="Hepatomegaly"/><designation><use><system value="http://terminology.hl7.org/CodeSystem/hl7TermMaintInfra"/><code value="preferredForLanguage"/></use><value value="Hepatomegaly"/></designation></concept><concept><code value="4318546"/><display value="Urethral stenosis"/><designation><use><system value="http://terminology.hl7.org/CodeSystem/hl7TermMaintInfra"/><code value="preferredForLanguage"/></use><value value="Urethral stenosis"/></designation></concept><concept><code value="42869825"/><display value="Left ventricular hypertrophy"/><designation><use><system value="http://terminology.hl7.org/CodeSystem/hl7TermMaintInfra"/><code value="preferredForLanguage"/></use><value value="Left ventricular hypertrophy"/></designation></concept><concept><code value="376965"/><display value="Hypertensive retinopathy"/><designation><use><system value="http://terminology.hl7.org/CodeSystem/hl7TermMaintInfra"/><code value="preferredForLanguage"/></use><value value="Hypertensive retinopathy"/></designation></concept><concept><code value="45877062"/><display value="Abdominal pain"/><designation><use><system value="http://terminology.hl7.org/CodeSystem/hl7TermMaintInfra"/><code value="preferredForLanguage"/></use><value value="Abdominal pain"/></designation></concept><concept><code value="44806743"/><display value="Glucose intolerance"/><designation><use><system value="http://terminology.hl7.org/CodeSystem/hl7TermMaintInfra"/><code value="preferredForLanguage"/></use><value value="Glucose intolerance"/></designation></concept><concept><code value="4159144"/><display value="Hepatopulmonary syndrome"/><designation><use><system value="http://terminology.hl7.org/CodeSystem/hl7TermMaintInfra"/><code value="preferredForLanguage"/></use><value value="Hepatopulmonary syndrome"/></designation></concept><concept><code value="196455"/><display value="Hepatorenal syndrome"/><designation><use><system value="http://terminology.hl7.org/CodeSystem/hl7TermMaintInfra"/><code value="preferredForLanguage"/></use><value value="Hepatorenal syndrome"/></designation></concept><concept><code value="434621"/><display value="Concomitant autoimmune disorder"/><designation><use><system value="http://terminology.hl7.org/CodeSystem/hl7TermMaintInfra"/><code value="preferredForLanguage"/></use><value value="Concomitant autoimmune disorder"/></designation></concept><concept><code value="thyroid-disease-specify"/><display value="Thyroid disease (specify)"/><designation><use><system value="http://terminology.hl7.org/CodeSystem/hl7TermMaintInfra"/><code value="preferredForLanguage"/></use><value value="Thyroid disease (specify)"/></designation></concept><concept><code value="anaemia"/><display value="Anaemia"/><designation><use><system value="http://terminology.hl7.org/CodeSystem/hl7TermMaintInfra"/><code value="preferredForLanguage"/></use><value value="Anaemia"/></designation></concept><concept><code value="uremic-symptoms"/><display value="Uremic symptoms"/><designation><use><system value="http://terminology.hl7.org/CodeSystem/hl7TermMaintInfra"/><code value="preferredForLanguage"/></use><value value="Uremic symptoms"/></designation></concept><concept><code value="metabolic-acidosis"/><display value="Metabolic acidosis"/><designation><use><system value="http://terminology.hl7.org/CodeSystem/hl7TermMaintInfra"/><code value="preferredForLanguage"/></use><value value="Metabolic acidosis"/></designation></concept><concept><code value="hypertension"/><display value="Hypertension"/><designation><use><system value="http://terminology.hl7.org/CodeSystem/hl7TermMaintInfra"/><code value="preferredForLanguage"/></use><value value="Hypertension"/></designation></concept><concept><code value="concomitant-pancreatic-disease"/><display value="Concomitant pancreatic disease"/><designation><use><system value="http://terminology.hl7.org/CodeSystem/hl7TermMaintInfra"/><code value="preferredForLanguage"/></use><value value="Concomitant pancreatic disease"/></designation></concept><concept><code value="other-concomitant-diseases"/><display value="Other concomitant diseases"/><designation><use><system value="http://terminology.hl7.org/CodeSystem/hl7TermMaintInfra"/><code value="preferredForLanguage"/></use><value value="Other concomitant diseases"/></designation></concept><concept><code value="other-organ-damage"/><display value="Other organ damage"/><designation><use><system value="http://terminology.hl7.org/CodeSystem/hl7TermMaintInfra"/><code value="preferredForLanguage"/></use><value value="Other organ damage"/></designation></concept><concept><code value="4117779"/><display value="Neurological symptom – Peripheral neuropathy"/><designation><use><system value="http://terminology.hl7.org/CodeSystem/hl7TermMaintInfra"/><code value="preferredForLanguage"/></use><value value="Neurological symptom – Peripheral neuropathy"/></designation></concept><concept><code value="376099"/><display value="Neurological symptom – Tremors"/><designation><use><system value="http://terminology.hl7.org/CodeSystem/hl7TermMaintInfra"/><code value="preferredForLanguage"/></use><value value="Neurological symptom – Tremors"/></designation></concept><concept><code value="373873005"/><display value="Neurological symptom – PRES"/><designation><use><system value="http://terminology.hl7.org/CodeSystem/hl7TermMaintInfra"/><code value="preferredForLanguage"/></use><value value="Neurological symptom – PRES"/></designation></concept></CodeSystem>