<?xml version="1.0" encoding="UTF-8"?><CodeSystem xmlns="http://hl7.org/fhir"><id value="patient-rh-factor-cs"/><text><status value="generated"/><div xmlns="http://www.w3.org/1999/xhtml"><p class="res-header-id"><b>Generated Narrative: CodeSystem patient-rh-factor-cs</b></p><a name="patient-rh-factor-cs"> </a><a name="hcpatient-rh-factor-cs"> </a><p>This case-insensitive code system <code>http://example.org/fhir/CodeSystem/patient-rh-factor</code> defines the following codes:</p><table class="codes"><tr><td style="white-space:nowrap"><b>Code</b></td><td><b>Display</b></td></tr><tr><td style="white-space:nowrap">positive<a name="patient-rh-factor-cs-positive"> </a></td><td>Rh positive</td></tr><tr><td style="white-space:nowrap">negative<a name="patient-rh-factor-cs-negative"> </a></td><td>Rh negative</td></tr></table></div></text><url value="http://example.org/fhir/CodeSystem/patient-rh-factor"/><version value="0.1.0"/><name value="PatientRhFactorCS"/><title value="Patient Rh Factor CodeSystem"/><status value="draft"/><experimental value="true"/><date value="2025-12-10T13:58:21+01:00"/><publisher value="Your Organization"/><contact><name value="Your Organization"/><telecom><system value="url"/><value value="https://example.org"/></telecom></contact><description value="Rh factor of the transplant recipient (maps from OMOP Positive/Negative)."/><caseSensitive value="false"/><content value="complete"/><count value="2"/><concept><code value="positive"/><display value="Rh positive"/></concept><concept><code value="negative"/><display value="Rh negative"/></concept></CodeSystem>