<?xml version="1.0" encoding="UTF-8"?><ValueSet xmlns="http://hl7.org/fhir"><id value="patient-abo-group-vs"/><text><status value="generated"/><div xmlns="http://www.w3.org/1999/xhtml"><p class="res-header-id"><b>Generated Narrative: ValueSet patient-abo-group-vs</b></p><a name="patient-abo-group-vs"> </a><a name="hcpatient-abo-group-vs"> </a><ul><li>Include these codes as defined in <a href="CodeSystem-patient-abo-group-cs.html"><code>http://example.org/fhir/CodeSystem/patient-abo-group</code></a><span title="Version is not explicitly stated, which means it is fixed to the version provided in this specification"> version 📦0.1.0</span><table class="none"><tr><td style="white-space:nowrap"><b>Code</b></td><td><b>Display</b></td></tr><tr><td><a href="CodeSystem-patient-abo-group-cs.html#patient-abo-group-cs-A">A</a></td><td style="color: #cccccc">Group A</td></tr><tr><td><a href="CodeSystem-patient-abo-group-cs.html#patient-abo-group-cs-B">B</a></td><td style="color: #cccccc">Group B</td></tr><tr><td><a href="CodeSystem-patient-abo-group-cs.html#patient-abo-group-cs-AB">AB</a></td><td style="color: #cccccc">Group AB</td></tr><tr><td><a href="CodeSystem-patient-abo-group-cs.html#patient-abo-group-cs-O">O</a></td><td style="color: #cccccc">Group O</td></tr></table></li></ul></div></text><url value="http://example.org/fhir/ImplementationGuide/donor-ig/ValueSet/patient-abo-group-vs"/><version value="0.1.0"/><name value="PatientABOGroupVS"/><title value="Patient ABO Group ValueSet"/><status value="draft"/><date value="2025-12-10T09:07:26+01:00"/><publisher value="Your Organization"/><contact><name value="Your Organization"/><telecom><system value="url"/><value value="https://example.org"/></telecom></contact><description value="ABO blood groups for transplant recipients."/><compose><include><system value="http://example.org/fhir/CodeSystem/patient-abo-group"/><concept><code value="A"/></concept><concept><code value="B"/></concept><concept><code value="AB"/></concept><concept><code value="O"/></concept></include></compose></ValueSet>