<?xml version="1.0" encoding="UTF-8"?><ValueSet xmlns="http://hl7.org/fhir"><id value="instrumental-investigation-name-vs"/><text><status value="generated"/><div xmlns="http://www.w3.org/1999/xhtml"><p class="res-header-id"><b>Generated Narrative: ValueSet instrumental-investigation-name-vs</b></p><a name="instrumental-investigation-name-vs"> </a><a name="hcinstrumental-investigation-name-vs"> </a><ul><li>Include all codes defined in <a href="CodeSystem-instrumental-investigation-name-cs.html"><code>http://example.org/fhir/CodeSystem/instrumental-investigation-name</code></a><span title="Version is not explicitly stated, which means it is fixed to the version provided in this specification"> version 📦0.1.0</span></li></ul></div></text><url value="http://example.org/fhir/ValueSet/instrumental-investigation-name"/><version value="0.1.0"/><name value="InstrumentalInvestigationNameVS"/><title value="Instrumental Investigation Name"/><status value="draft"/><date value="2025-12-10T09:07:26+01:00"/><publisher value="Your Organization"/><contact><name value="Your Organization"/><telecom><system value="url"/><value value="https://example.org"/></telecom></contact><description value="ValueSet of instrumental investigation tests conducted."/><compose><include><system value="http://example.org/fhir/CodeSystem/instrumental-investigation-name"/></include></compose></ValueSet>