<?xml version="1.0" encoding="UTF-8"?><ValueSet xmlns="http://hl7.org/fhir"><id value="patient-instrumental-investigation-result-vs"/><text><status value="generated"/><div xmlns="http://www.w3.org/1999/xhtml"><p class="res-header-id"><b>Generated Narrative: ValueSet patient-instrumental-investigation-result-vs</b></p><a name="patient-instrumental-investigation-result-vs"> </a><a name="hcpatient-instrumental-investigation-result-vs"> </a><ul><li>Include these codes as defined in <a href="CodeSystem-patient-instrumental-investigation-result-cs.html"><code>http://example.org/fhir/CodeSystem/patient-instrumental-investigation-result</code></a><span title="Version is not explicitly stated, which means it is fixed to the version provided in this specification"> version 📦0.1.0</span><table class="none"><tr><td style="white-space:nowrap"><b>Code</b></td><td><b>Display</b></td></tr><tr><td><a href="CodeSystem-patient-instrumental-investigation-result-cs.html#patient-instrumental-investigation-result-cs-normal">normal</a></td><td style="color: #cccccc">Normal</td></tr><tr><td><a href="CodeSystem-patient-instrumental-investigation-result-cs.html#patient-instrumental-investigation-result-cs-abnormal">abnormal</a></td><td style="color: #cccccc">Abnormal</td></tr></table></li></ul></div></text><url value="http://example.org/fhir/ImplementationGuide/donor-ig/ValueSet/patient-instrumental-investigation-result-vs"/><version value="0.1.0"/><name value="PatientInstrumentalInvestigationResultVS"/><title value="Patient Instrumental Investigation Result ValueSet"/><status value="draft"/><date value="2025-12-09T16:44:49+01:00"/><publisher value="Your Organization"/><contact><name value="Your Organization"/><telecom><system value="url"/><value value="https://example.org"/></telecom></contact><description value="Allowed results for the instrumental investigation test (Normal, Abnormal)."/><compose><include><system value="http://example.org/fhir/CodeSystem/patient-instrumental-investigation-result"/><concept><code value="normal"/></concept><concept><code value="abnormal"/></concept></include></compose></ValueSet>