<?xml version="1.0" encoding="UTF-8"?><ValueSet xmlns="http://hl7.org/fhir"><id value="biosample-tissue-type-vs"/><text><status value="generated"/><div xmlns="http://www.w3.org/1999/xhtml"><p class="res-header-id"><b>Generated Narrative: ValueSet biosample-tissue-type-vs</b></p><a name="biosample-tissue-type-vs"> </a><a name="hcbiosample-tissue-type-vs"> </a><ul><li>Include these codes as defined in <a href="CodeSystem-biosample-tissue-type-cs.html"><code>http://example.org/fhir/CodeSystem/biosample-tissue-type</code></a><span title="Version is not explicitly stated, which means it is fixed to the version provided in this specification"> version 📦0.1.0</span><table class="none"><tr><td style="white-space:nowrap"><b>Code</b></td><td><b>Display</b></td></tr><tr><td><a href="CodeSystem-biosample-tissue-type-cs.html#biosample-tissue-type-cs-blood">blood</a></td><td style="color: #cccccc">Blood</td></tr><tr><td><a href="CodeSystem-biosample-tissue-type-cs.html#biosample-tissue-type-cs-saliva">saliva</a></td><td style="color: #cccccc">Saliva</td></tr><tr><td><a href="CodeSystem-biosample-tissue-type-cs.html#biosample-tissue-type-cs-other-tissue">other-tissue</a></td><td style="color: #cccccc">Other tissues</td></tr></table></li></ul></div></text><url value="http://example.org/fhir/ImplementationGuide/donor-ig/ValueSet/biosample-tissue-type-vs"/><version value="0.1.0"/><name value="BioSampleTissueTypeVS"/><title value="BioSample Tissue Type ValueSet"/><status value="draft"/><date value="2025-12-10T09:07:26+01:00"/><publisher value="Your Organization"/><contact><name value="Your Organization"/><telecom><system value="url"/><value value="https://example.org"/></telecom></contact><description value="Allowed tissue types for BioSample.tissue_type."/><compose><include><system value="http://example.org/fhir/CodeSystem/biosample-tissue-type"/><concept><code value="blood"/></concept><concept><code value="saliva"/></concept><concept><code value="other-tissue"/></concept></include></compose></ValueSet>