<?xml version="1.0" encoding="UTF-8"?><ValueSet xmlns="http://hl7.org/fhir"><id value="donor-pre-ktx-dialysis-type-vs"/><text><status value="generated"/><div xmlns="http://www.w3.org/1999/xhtml"><p class="res-header-id"><b>Generated Narrative: ValueSet donor-pre-ktx-dialysis-type-vs</b></p><a name="donor-pre-ktx-dialysis-type-vs"> </a><a name="hcdonor-pre-ktx-dialysis-type-vs"> </a><ul><li>Include these codes as defined in <a href="CodeSystem-donor-pre-ktx-dialysis-type-cs.html"><code>http://example.org/fhir/CodeSystem/donor-pre-ktx-dialysis-type</code></a><span title="Version is not explicitly stated, which means it is fixed to the version provided in this specification"> version 📦0.1.0</span><table class="none"><tr><td style="white-space:nowrap"><b>Code</b></td><td><b>Display</b></td></tr><tr><td><a href="CodeSystem-donor-pre-ktx-dialysis-type-cs.html#donor-pre-ktx-dialysis-type-cs-hemodialysis">hemodialysis</a></td><td style="color: #cccccc">Hemodialysis</td></tr><tr><td><a href="CodeSystem-donor-pre-ktx-dialysis-type-cs.html#donor-pre-ktx-dialysis-type-cs-peritoneal-dialysis">peritoneal-dialysis</a></td><td style="color: #cccccc">Peritoneal dialysis</td></tr></table></li></ul></div></text><url value="http://example.org/fhir/ImplementationGuide/donor-ig/ValueSet/donor-pre-ktx-dialysis-type-vs"/><version value="0.1.0"/><name value="DonorPreKtxDialysisTypeVS"/><title value="Donor Pre-KTX Dialysis Type ValueSet"/><status value="draft"/><date value="2025-12-10T13:58:21+01:00"/><publisher value="Your Organization"/><contact><name value="Your Organization"/><telecom><system value="url"/><value value="https://example.org"/></telecom></contact><description value="Allowed dialysis types for donor prior to kidney transplant."/><compose><include><system value="http://example.org/fhir/CodeSystem/donor-pre-ktx-dialysis-type"/><concept><code value="hemodialysis"/></concept><concept><code value="peritoneal-dialysis"/></concept></include></compose></ValueSet>