<?xml version="1.0" encoding="UTF-8"?><ValueSet xmlns="http://hl7.org/fhir"><id value="biliary-anastomosis-type-vs"/><text><status value="generated"/><div xmlns="http://www.w3.org/1999/xhtml"><p class="res-header-id"><b>Generated Narrative: ValueSet biliary-anastomosis-type-vs</b></p><a name="biliary-anastomosis-type-vs"> </a><a name="hcbiliary-anastomosis-type-vs"> </a><ul><li>Include these codes as defined in <a href="CodeSystem-biliary-anastomosis-type-cs.html"><code>http://example.org/fhir/CodeSystem/biliary-anastomosis-type</code></a><span title="Version is not explicitly stated, which means it is fixed to the version provided in this specification"> version 📦0.1.0</span><table class="none"><tr><td style="white-space:nowrap"><b>Code</b></td><td><b>Display</b></td></tr><tr><td><a href="CodeSystem-biliary-anastomosis-type-cs.html#biliary-anastomosis-type-cs-duct-to-duct">duct-to-duct</a></td><td style="color: #cccccc">Duct-to-duct anastomosis</td></tr><tr><td><a href="CodeSystem-biliary-anastomosis-type-cs.html#biliary-anastomosis-type-cs-choledochoenterostomy">choledochoenterostomy</a></td><td style="color: #cccccc">Choledochoenterostomy</td></tr><tr><td><a href="CodeSystem-biliary-anastomosis-type-cs.html#biliary-anastomosis-type-cs-bilioenteric">bilioenteric</a></td><td style="color: #cccccc">Bilioenteric anastomosis</td></tr><tr><td><a href="CodeSystem-biliary-anastomosis-type-cs.html#biliary-anastomosis-type-cs-roux-en-y">roux-en-y</a></td><td style="color: #cccccc">Roux-en-Y hepaticojejunostomy</td></tr></table></li></ul></div></text><url value="http://example.org/fhir/ImplementationGuide/donor-ig/ValueSet/biliary-anastomosis-type-vs"/><version value="0.1.0"/><name value="BiliaryAnastomosisTypeVS"/><title value="Type of surgical biliary anastomosis ValueSet"/><status value="draft"/><date value="2025-12-10T14:43:23+01:00"/><publisher value="Your Organization"/><contact><name value="Your Organization"/><telecom><system value="url"/><value value="https://example.org"/></telecom></contact><description value="Allowed types of biliary anastomosis in liver transplant."/><compose><include><system value="http://example.org/fhir/CodeSystem/biliary-anastomosis-type"/><concept><code value="duct-to-duct"/></concept><concept><code value="choledochoenterostomy"/></concept><concept><code value="bilioenteric"/></concept><concept><code value="roux-en-y"/></concept></include></compose></ValueSet>