<?xml version="1.0" encoding="UTF-8"?><ValueSet xmlns="http://hl7.org/fhir"><id value="visit-type-vs"/><text><status value="generated"/><div xmlns="http://www.w3.org/1999/xhtml"><p class="res-header-id"><b>Generated Narrative: ValueSet visit-type-vs</b></p><a name="visit-type-vs"> </a><a name="hcvisit-type-vs"> </a><ul><li>Include these codes as defined in <a href="CodeSystem-visit-type-cs.html"><code>http://example.org/fhir/CodeSystem/visit-type</code></a><span title="Version is not explicitly stated, which means it is fixed to the version provided in this specification"> version 📦0.1.0</span><table class="none"><tr><td style="white-space:nowrap"><b>Code</b></td><td><b>Display</b></td></tr><tr><td><a href="CodeSystem-visit-type-cs.html#visit-type-cs-pre-transplant">pre-transplant</a></td><td style="color: #cccccc">Pre-transplant visit</td></tr><tr><td><a href="CodeSystem-visit-type-cs.html#visit-type-cs-month-1">month-1</a></td><td style="color: #cccccc">1 month visit</td></tr><tr><td><a href="CodeSystem-visit-type-cs.html#visit-type-cs-month-3">month-3</a></td><td style="color: #cccccc">3 month visit</td></tr><tr><td><a href="CodeSystem-visit-type-cs.html#visit-type-cs-month-5">month-5</a></td><td style="color: #cccccc">5 month visit</td></tr><tr><td><a href="CodeSystem-visit-type-cs.html#visit-type-cs-outcome">outcome</a></td><td style="color: #cccccc">Outcome visit</td></tr></table></li></ul></div></text><url value="http://example.org/fhir/ImplementationGuide/donor-ig/ValueSet/visit-type-vs"/><version value="0.1.0"/><name value="VisitTypeVS"/><title value="Visit Type ValueSet"/><status value="draft"/><date value="2025-12-09T16:44:49+01:00"/><publisher value="Your Organization"/><contact><name value="Your Organization"/><telecom><system value="url"/><value value="https://example.org"/></telecom></contact><description value="Allowed types of visits in the transplant follow-up schedule."/><compose><include><system value="http://example.org/fhir/CodeSystem/visit-type"/><concept><code value="pre-transplant"/></concept><concept><code value="month-1"/></concept><concept><code value="month-3"/></concept><concept><code value="month-5"/></concept><concept><code value="outcome"/></concept></include></compose></ValueSet>