{
  "resourceType" : "CodeSystem",
  "id" : "immunosuppressive-induction-dose-unit-cs",
  "text" : {
    "status" : "generated",
    "div" : "<div xmlns=\"http://www.w3.org/1999/xhtml\"><p class=\"res-header-id\"><b>Generated Narrative: CodeSystem immunosuppressive-induction-dose-unit-cs</b></p><a name=\"immunosuppressive-induction-dose-unit-cs\"> </a><a name=\"hcimmunosuppressive-induction-dose-unit-cs\"> </a><p>This case-insensitive code system <code>http://example.org/fhir/CodeSystem/immunosuppressive-induction-dose-unit</code> defines the following codes:</p><table class=\"codes\"><tr><td style=\"white-space:nowrap\"><b>Code</b></td><td><b>Display</b></td></tr><tr><td style=\"white-space:nowrap\">mg-kg<a name=\"immunosuppressive-induction-dose-unit-cs-mg-kg\"> </a></td><td>mg/kg</td></tr><tr><td style=\"white-space:nowrap\">mg-mq<a name=\"immunosuppressive-induction-dose-unit-cs-mg-mq\"> </a></td><td>mg/mq</td></tr></table></div>"
  },
  "url" : "http://example.org/fhir/CodeSystem/immunosuppressive-induction-dose-unit",
  "version" : "0.1.0",
  "name" : "ImmunosuppressiveInductionDoseUnitCS",
  "title" : "Immunosuppressant Induction Dose Unit",
  "status" : "draft",
  "experimental" : true,
  "date" : "2025-12-09T16:44:49+01:00",
  "publisher" : "Your Organization",
  "contact" : [{
    "name" : "Your Organization",
    "telecom" : [{
      "system" : "url",
      "value" : "https://example.org"
    }]
  }],
  "description" : "Units for immunosuppressant induction dose.",
  "caseSensitive" : false,
  "content" : "complete",
  "count" : 2,
  "concept" : [{
    "code" : "mg-kg",
    "display" : "mg/kg"
  },
  {
    "code" : "mg-mq",
    "display" : "mg/mq"
  }]
}