{
  "resourceType" : "ValueSet",
  "id" : "reference-genome-build-vs",
  "text" : {
    "status" : "generated",
    "div" : "<div xmlns=\"http://www.w3.org/1999/xhtml\"><p class=\"res-header-id\"><b>Generated Narrative: ValueSet reference-genome-build-vs</b></p><a name=\"reference-genome-build-vs\"> </a><a name=\"hcreference-genome-build-vs\"> </a><ul><li>Include these codes as defined in <a href=\"CodeSystem-reference-genome-build-cs.html\"><code>http://example.org/fhir/CodeSystem/reference-genome-build</code></a><span title=\"Version is not explicitly stated, which means it is fixed to the version provided in this specification\"> version &#x1F4E6;0.1.0</span><table class=\"none\"><tr><td style=\"white-space:nowrap\"><b>Code</b></td><td><b>Display</b></td></tr><tr><td><a href=\"CodeSystem-reference-genome-build-cs.html#reference-genome-build-cs-GRCh38\">GRCh38</a></td><td style=\"color: #cccccc\">GRCh38</td></tr><tr><td><a href=\"CodeSystem-reference-genome-build-cs.html#reference-genome-build-cs-GRCh37\">GRCh37</a></td><td style=\"color: #cccccc\">GRCh37</td></tr></table></li></ul></div>"
  },
  "url" : "http://example.org/fhir/ImplementationGuide/donor-ig/ValueSet/reference-genome-build-vs",
  "version" : "0.1.0",
  "name" : "ReferenceGenomeBuildVS",
  "title" : "Reference Genome Build ValueSet",
  "status" : "draft",
  "date" : "2025-12-09T16:44:49+01:00",
  "publisher" : "Your Organization",
  "contact" : [{
    "name" : "Your Organization",
    "telecom" : [{
      "system" : "url",
      "value" : "https://example.org"
    }]
  }],
  "description" : "Allowed reference genome build names (GRCh38, GRCh37).",
  "compose" : {
    "include" : [{
      "system" : "http://example.org/fhir/CodeSystem/reference-genome-build",
      "concept" : [{
        "code" : "GRCh38"
      },
      {
        "code" : "GRCh37"
      }]
    }]
  }
}