{"resourceType":"CodeSystem","id":"transplant-type-cs","text":{"status":"generated","div":"<div xmlns=\"http://www.w3.org/1999/xhtml\"><p class=\"res-header-id\"><b>Generated Narrative: CodeSystem transplant-type-cs</b></p><a name=\"transplant-type-cs\"> </a><a name=\"hctransplant-type-cs\"> </a><p>This case-insensitive code system <code>http://example.org/fhir/CodeSystem/transplant-type</code> defines the following codes:</p><table class=\"codes\"><tr><td style=\"white-space:nowrap\"><b>Code</b></td><td><b>Display</b></td></tr><tr><td style=\"white-space:nowrap\">liver<a name=\"transplant-type-cs-liver\"> </a></td><td>Liver transplant</td></tr><tr><td style=\"white-space:nowrap\">kidney<a name=\"transplant-type-cs-kidney\"> </a></td><td>Kidney transplant</td></tr><tr><td style=\"white-space:nowrap\">combined<a name=\"transplant-type-cs-combined\"> </a></td><td>Combined liver-kidney transplant</td></tr></table></div>"},"url":"http://example.org/fhir/CodeSystem/transplant-type","version":"0.1.0","name":"TransplantTypeCS","title":"Transplant Type CodeSystem","status":"draft","experimental":true,"date":"2025-12-09T16:44:49+01:00","publisher":"Your Organization","contact":[{"name":"Your Organization","telecom":[{"system":"url","value":"https://example.org"}]}],"description":"Type of solid-organ transplant (liver, kidney, combined liver-kidney).","caseSensitive":false,"content":"complete","count":3,"concept":[{"code":"liver","display":"Liver transplant"},{"code":"kidney","display":"Kidney transplant"},{"code":"combined","display":"Combined liver-kidney transplant"}]}