{"resourceType":"CodeSystem","id":"patient-hla-class-i-cs","text":{"status":"generated","div":"<div xmlns=\"http://www.w3.org/1999/xhtml\"><p class=\"res-header-id\"><b>Generated Narrative: CodeSystem patient-hla-class-i-cs</b></p><a name=\"patient-hla-class-i-cs\"> </a><a name=\"hcpatient-hla-class-i-cs\"> </a><p>This case-insensitive code system <code>http://example.org/fhir/CodeSystem/patient-hla-class-i</code> defines the following codes:</p><table class=\"codes\"><tr><td style=\"white-space:nowrap\"><b>Code</b></td></tr><tr><td style=\"white-space:nowrap\">HLA-A<a name=\"patient-hla-class-i-cs-HLA-A\"> </a></td></tr><tr><td style=\"white-space:nowrap\">HLA-B<a name=\"patient-hla-class-i-cs-HLA-B\"> </a></td></tr><tr><td style=\"white-space:nowrap\">HLA-C<a name=\"patient-hla-class-i-cs-HLA-C\"> </a></td></tr></table></div>"},"url":"http://example.org/fhir/CodeSystem/patient-hla-class-i","version":"0.1.0","name":"PatientHLAClassICS","title":"Patient HLA Class I Loci CodeSystem","status":"draft","experimental":true,"date":"2025-12-09T16:44:49+01:00","publisher":"Your Organization","contact":[{"name":"Your Organization","telecom":[{"system":"url","value":"https://example.org"}]}],"description":"Class I HLA loci relevant to transplant matching.","caseSensitive":false,"content":"complete","count":3,"concept":[{"code":"HLA-A","display":"HLA-A"},{"code":"HLA-B","display":"HLA-B"},{"code":"HLA-C","display":"HLA-C"}]}