{"resourceType":"CodeSystem","id":"immunosuppressive-maintenance-type-cs","text":{"status":"generated","div":"<div xmlns=\"http://www.w3.org/1999/xhtml\"><p class=\"res-header-id\"><b>Generated Narrative: CodeSystem immunosuppressive-maintenance-type-cs</b></p><a name=\"immunosuppressive-maintenance-type-cs\"> </a><a name=\"hcimmunosuppressive-maintenance-type-cs\"> </a><p>This case-insensitive code system <code>http://example.org/fhir/CodeSystem/immunosuppressive-maintenance-type</code> defines the following code:</p><table class=\"codes\"><tr><td style=\"white-space:nowrap\"><b>Code</b></td><td><b>Display</b></td></tr><tr><td style=\"white-space:nowrap\">maintenance-to-patient<a name=\"immunosuppressive-maintenance-type-cs-maintenance-to-patient\"> </a></td><td>Immunosuppressive maintenance therapy to patient</td></tr></table></div>"},"url":"http://example.org/fhir/CodeSystem/immunosuppressive-maintenance-type","version":"0.1.0","name":"ImmunosuppressiveMaintenanceTypeCS","title":"Immunosuppressive Maintenance to Patient Type CodeSystem","status":"draft","experimental":true,"date":"2025-12-09T16:44:49+01:00","publisher":"Your Organization","contact":[{"name":"Your Organization","telecom":[{"system":"url","value":"https://example.org"}]}],"description":"Type of immunosuppressive maintenance record.","caseSensitive":false,"content":"complete","count":1,"concept":[{"code":"maintenance-to-patient","display":"Immunosuppressive maintenance therapy to patient"}]}