{"resourceType":"CodeSystem","id":"lab-result-unit-cs","text":{"status":"generated","div":"<div xmlns=\"http://www.w3.org/1999/xhtml\"><p class=\"res-header-id\"><b>Generated Narrative: CodeSystem lab-result-unit-cs</b></p><a name=\"lab-result-unit-cs\"> </a><a name=\"hclab-result-unit-cs\"> </a><p>This case-insensitive code system <code>http://example.org/fhir/CodeSystem/lab-result-unit</code> defines the following codes:</p><table class=\"codes\"><tr><td style=\"white-space:nowrap\"><b>Code</b></td><td><b>Display</b></td></tr><tr><td style=\"white-space:nowrap\">mg_per_dL<a name=\"lab-result-unit-cs-mg_per_dL\"> </a></td><td>mg/dL</td></tr><tr><td style=\"white-space:nowrap\">umol_per_L<a name=\"lab-result-unit-cs-umol_per_L\"> </a></td><td>µmol/L</td></tr><tr><td style=\"white-space:nowrap\">mL_min_1_73m2<a name=\"lab-result-unit-cs-mL_min_1_73m2\"> </a></td><td>mL/min/1.73 m2</td></tr><tr><td style=\"white-space:nowrap\">mEq_per_L<a name=\"lab-result-unit-cs-mEq_per_L\"> </a></td><td>mEq/L</td></tr><tr><td style=\"white-space:nowrap\">g_per_dL<a name=\"lab-result-unit-cs-g_per_dL\"> </a></td><td>g/dL</td></tr><tr><td style=\"white-space:nowrap\">g_per_L<a name=\"lab-result-unit-cs-g_per_L\"> </a></td><td>g/L</td></tr><tr><td style=\"white-space:nowrap\">U_per_L<a name=\"lab-result-unit-cs-U_per_L\"> </a></td><td>U/L</td></tr><tr><td style=\"white-space:nowrap\">percent<a name=\"lab-result-unit-cs-percent\"> </a></td><td>%</td></tr><tr><td style=\"white-space:nowrap\">mmol_per_L<a name=\"lab-result-unit-cs-mmol_per_L\"> </a></td><td>mmol/L</td></tr><tr><td style=\"white-space:nowrap\">10exp3_per_uL<a name=\"lab-result-unit-cs-10exp3_per_uL\"> </a></td><td>10^3/UL</td></tr><tr><td style=\"white-space:nowrap\">10exp9_per_L<a name=\"lab-result-unit-cs-10exp9_per_L\"> </a></td><td>10^9/UL</td></tr><tr><td style=\"white-space:nowrap\">10exp3_per_mm3<a name=\"lab-result-unit-cs-10exp3_per_mm3\"> </a></td><td>x 10^3/mm3</td></tr><tr><td style=\"white-space:nowrap\">second<a name=\"lab-result-unit-cs-second\"> </a></td><td>s</td></tr></table></div>"},"url":"http://example.org/fhir/CodeSystem/lab-result-unit","version":"0.1.0","name":"LabResultUnitCS","title":"Lab Result Unit CodeSystem","status":"draft","experimental":true,"date":"2025-12-09T16:44:49+01:00","publisher":"Your Organization","contact":[{"name":"Your Organization","telecom":[{"system":"url","value":"https://example.org"}]}],"description":"Units of measurement used for laboratory results, aligned with the lab_result unit conceptual domain.","caseSensitive":false,"content":"complete","count":13,"concept":[{"code":"mg_per_dL","display":"mg/dL"},{"code":"umol_per_L","display":"µmol/L"},{"code":"mL_min_1_73m2","display":"mL/min/1.73 m2"},{"code":"mEq_per_L","display":"mEq/L"},{"code":"g_per_dL","display":"g/dL"},{"code":"g_per_L","display":"g/L"},{"code":"U_per_L","display":"U/L"},{"code":"percent","display":"%"},{"code":"mmol_per_L","display":"mmol/L"},{"code":"10exp3_per_uL","display":"10^3/UL"},{"code":"10exp9_per_L","display":"10^9/UL"},{"code":"10exp3_per_mm3","display":"x 10^3/mm3"},{"code":"second","display":"s"}]}