{"resourceType":"ValueSet","id":"patient-rh-factor-vs","text":{"status":"generated","div":"<div xmlns=\"http://www.w3.org/1999/xhtml\"><p class=\"res-header-id\"><b>Generated Narrative: ValueSet patient-rh-factor-vs</b></p><a name=\"patient-rh-factor-vs\"> </a><a name=\"hcpatient-rh-factor-vs\"> </a><ul><li>Include these codes as defined in <a href=\"CodeSystem-patient-rh-factor-cs.html\"><code>http://example.org/fhir/CodeSystem/patient-rh-factor</code></a><span title=\"Version is not explicitly stated, which means it is fixed to the version provided in this specification\"> version &#x1F4E6;0.1.0</span><table class=\"none\"><tr><td style=\"white-space:nowrap\"><b>Code</b></td><td><b>Display</b></td></tr><tr><td><a href=\"CodeSystem-patient-rh-factor-cs.html#patient-rh-factor-cs-positive\">positive</a></td><td style=\"color: #cccccc\">Rh positive</td></tr><tr><td><a href=\"CodeSystem-patient-rh-factor-cs.html#patient-rh-factor-cs-negative\">negative</a></td><td style=\"color: #cccccc\">Rh negative</td></tr></table></li></ul></div>"},"url":"http://example.org/fhir/ImplementationGuide/donor-ig/ValueSet/patient-rh-factor-vs","version":"0.1.0","name":"PatientRhFactorVS","title":"Patient Rh Factor ValueSet","status":"draft","date":"2025-12-09T16:44:49+01:00","publisher":"Your Organization","contact":[{"name":"Your Organization","telecom":[{"system":"url","value":"https://example.org"}]}],"description":"Allowed Rh factor values for transplant recipients.","compose":{"include":[{"system":"http://example.org/fhir/CodeSystem/patient-rh-factor","concept":[{"code":"positive"},{"code":"negative"}]}]}}