{"resourceType":"ValueSet","id":"donor-liver-type-vs","text":{"status":"generated","div":"<div xmlns=\"http://www.w3.org/1999/xhtml\"><p class=\"res-header-id\"><b>Generated Narrative: ValueSet donor-liver-type-vs</b></p><a name=\"donor-liver-type-vs\"> </a><a name=\"hcdonor-liver-type-vs\"> </a><ul><li>Include these codes as defined in <a href=\"CodeSystem-donor-liver-type-cs.html\"><code>http://example.org/fhir/CodeSystem/donor-liver-type</code></a><span title=\"Version is not explicitly stated, which means it is fixed to the version provided in this specification\"> version &#x1F4E6;0.1.0</span><table class=\"none\"><tr><td style=\"white-space:nowrap\"><b>Code</b></td><td><b>Display</b></td></tr><tr><td><a href=\"CodeSystem-donor-liver-type-cs.html#donor-liver-type-cs-complete\">complete</a></td><td style=\"color: #cccccc\">Complete liver graft</td></tr><tr><td><a href=\"CodeSystem-donor-liver-type-cs.html#donor-liver-type-cs-partial\">partial</a></td><td style=\"color: #cccccc\">Partial liver graft</td></tr></table></li></ul></div>"},"url":"http://example.org/fhir/ImplementationGuide/donor-ig/ValueSet/donor-liver-type-vs","version":"0.1.0","name":"DonorLiverTypeVS","title":"Donor Liver Type ValueSet","status":"draft","date":"2025-12-09T16:44:49+01:00","publisher":"Your Organization","contact":[{"name":"Your Organization","telecom":[{"system":"url","value":"https://example.org"}]}],"description":"Allowed values for donor liver type (Complete, Partial).","compose":{"include":[{"system":"http://example.org/fhir/CodeSystem/donor-liver-type","concept":[{"code":"complete"},{"code":"partial"}]}]}}