{"resourceType":"ValueSet","id":"post-event-type-name-vs","text":{"status":"generated","div":"<div xmlns=\"http://www.w3.org/1999/xhtml\"><p class=\"res-header-id\"><b>Generated Narrative: ValueSet post-event-type-name-vs</b></p><a name=\"post-event-type-name-vs\"> </a><a name=\"hcpost-event-type-name-vs\"> </a><ul><li>Include all codes defined in <a href=\"CodeSystem-post-event-type-name-cs.html\"><code>http://example.org/fhir/CodeSystem/post-event-type-name</code></a><span title=\"Version is not explicitly stated, which means it is fixed to the version provided in this specification\"> version &#x1F4E6;0.1.0</span></li></ul></div>"},"url":"http://example.org/fhir/ValueSet/post-event-type-name","version":"0.1.0","name":"PostEventTypeNameVS","title":"Post Event Type Name","status":"draft","date":"2025-12-09T16:44:49+01:00","publisher":"Your Organization","contact":[{"name":"Your Organization","telecom":[{"system":"url","value":"https://example.org"}]}],"description":"ValueSet of post-transplant event types.","compose":{"include":[{"system":"http://example.org/fhir/CodeSystem/post-event-type-name"}]}}