{"resourceType":"ValueSet","id":"transplant-type-vs","text":{"status":"generated","div":"<div xmlns=\"http://www.w3.org/1999/xhtml\"><p class=\"res-header-id\"><b>Generated Narrative: ValueSet transplant-type-vs</b></p><a name=\"transplant-type-vs\"> </a><a name=\"hctransplant-type-vs\"> </a><ul><li>Include these codes as defined in <a href=\"CodeSystem-transplant-type-cs.html\"><code>http://example.org/fhir/CodeSystem/transplant-type</code></a><span title=\"Version is not explicitly stated, which means it is fixed to the version provided in this specification\"> version &#x1F4E6;0.1.0</span><table class=\"none\"><tr><td style=\"white-space:nowrap\"><b>Code</b></td><td><b>Display</b></td></tr><tr><td><a href=\"CodeSystem-transplant-type-cs.html#transplant-type-cs-liver\">liver</a></td><td style=\"color: #cccccc\">Liver transplant</td></tr><tr><td><a href=\"CodeSystem-transplant-type-cs.html#transplant-type-cs-kidney\">kidney</a></td><td style=\"color: #cccccc\">Kidney transplant</td></tr><tr><td><a href=\"CodeSystem-transplant-type-cs.html#transplant-type-cs-combined\">combined</a></td><td style=\"color: #cccccc\">Combined liver-kidney transplant</td></tr></table></li></ul></div>"},"url":"http://example.org/fhir/ImplementationGuide/donor-ig/ValueSet/transplant-type-vs","version":"0.1.0","name":"TransplantTypeVS","title":"Transplant Type ValueSet","status":"draft","date":"2025-12-09T16:44:49+01:00","publisher":"Your Organization","contact":[{"name":"Your Organization","telecom":[{"system":"url","value":"https://example.org"}]}],"description":"Allowed transplant types.","compose":{"include":[{"system":"http://example.org/fhir/CodeSystem/transplant-type","concept":[{"code":"liver"},{"code":"kidney"},{"code":"combined"}]}]}}