{"resourceType":"ValueSet","id":"patient-hla-class-ii-vs","text":{"status":"generated","div":"<div xmlns=\"http://www.w3.org/1999/xhtml\"><p class=\"res-header-id\"><b>Generated Narrative: ValueSet patient-hla-class-ii-vs</b></p><a name=\"patient-hla-class-ii-vs\"> </a><a name=\"hcpatient-hla-class-ii-vs\"> </a><ul><li>Include these codes as defined in <a href=\"CodeSystem-patient-hla-class-ii-cs.html\"><code>http://example.org/fhir/CodeSystem/patient-hla-class-ii</code></a><span title=\"Version is not explicitly stated, which means it is fixed to the version provided in this specification\"> version &#x1F4E6;0.1.0</span><table class=\"none\"><tr><td style=\"white-space:nowrap\"><b>Code</b></td><td><b>Display</b></td></tr><tr><td><a href=\"CodeSystem-patient-hla-class-ii-cs.html#patient-hla-class-ii-cs-HLA-DR\">HLA-DR</a></td><td style=\"color: #cccccc\">HLA-DR</td></tr><tr><td><a href=\"CodeSystem-patient-hla-class-ii-cs.html#patient-hla-class-ii-cs-HLA-DP\">HLA-DP</a></td><td style=\"color: #cccccc\">HLA-DP</td></tr><tr><td><a href=\"CodeSystem-patient-hla-class-ii-cs.html#patient-hla-class-ii-cs-HLA-DQ\">HLA-DQ</a></td><td style=\"color: #cccccc\">HLA-DQ</td></tr></table></li></ul></div>"},"url":"http://example.org/fhir/ImplementationGuide/donor-ig/ValueSet/patient-hla-class-ii-vs","version":"0.1.0","name":"PatientHLAClassIIVS","title":"Patient HLA Class II Loci ValueSet","status":"draft","date":"2025-12-09T16:44:49+01:00","publisher":"Your Organization","contact":[{"name":"Your Organization","telecom":[{"system":"url","value":"https://example.org"}]}],"description":"Allowed Class II HLA loci (HLA-DR, HLA-DP, HLA-DQ).","compose":{"include":[{"system":"http://example.org/fhir/CodeSystem/patient-hla-class-ii","concept":[{"code":"HLA-DR"},{"code":"HLA-DP"},{"code":"HLA-DQ"}]}]}}