{"resourceType":"ValueSet","id":"biosample-tissue-type-vs","text":{"status":"generated","div":"<div xmlns=\"http://www.w3.org/1999/xhtml\"><p class=\"res-header-id\"><b>Generated Narrative: ValueSet biosample-tissue-type-vs</b></p><a name=\"biosample-tissue-type-vs\"> </a><a name=\"hcbiosample-tissue-type-vs\"> </a><ul><li>Include these codes as defined in <a href=\"CodeSystem-biosample-tissue-type-cs.html\"><code>http://example.org/fhir/CodeSystem/biosample-tissue-type</code></a><span title=\"Version is not explicitly stated, which means it is fixed to the version provided in this specification\"> version &#x1F4E6;0.1.0</span><table class=\"none\"><tr><td style=\"white-space:nowrap\"><b>Code</b></td><td><b>Display</b></td></tr><tr><td><a href=\"CodeSystem-biosample-tissue-type-cs.html#biosample-tissue-type-cs-blood\">blood</a></td><td style=\"color: #cccccc\">Blood</td></tr><tr><td><a href=\"CodeSystem-biosample-tissue-type-cs.html#biosample-tissue-type-cs-saliva\">saliva</a></td><td style=\"color: #cccccc\">Saliva</td></tr><tr><td><a href=\"CodeSystem-biosample-tissue-type-cs.html#biosample-tissue-type-cs-other-tissue\">other-tissue</a></td><td style=\"color: #cccccc\">Other tissues</td></tr></table></li></ul></div>"},"url":"http://example.org/fhir/ImplementationGuide/donor-ig/ValueSet/biosample-tissue-type-vs","version":"0.1.0","name":"BioSampleTissueTypeVS","title":"BioSample Tissue Type ValueSet","status":"draft","date":"2025-12-09T16:44:49+01:00","publisher":"Your Organization","contact":[{"name":"Your Organization","telecom":[{"system":"url","value":"https://example.org"}]}],"description":"Allowed tissue types for BioSample.tissue_type.","compose":{"include":[{"system":"http://example.org/fhir/CodeSystem/biosample-tissue-type","concept":[{"code":"blood"},{"code":"saliva"},{"code":"other-tissue"}]}]}}