{"resourceType":"ValueSet","id":"immunosuppressive-maintenance-type-vs","text":{"status":"generated","div":"<div xmlns=\"http://www.w3.org/1999/xhtml\"><p class=\"res-header-id\"><b>Generated Narrative: ValueSet immunosuppressive-maintenance-type-vs</b></p><a name=\"immunosuppressive-maintenance-type-vs\"> </a><a name=\"hcimmunosuppressive-maintenance-type-vs\"> </a><ul><li>Include these codes as defined in <a href=\"CodeSystem-immunosuppressive-maintenance-type-cs.html\"><code>http://example.org/fhir/CodeSystem/immunosuppressive-maintenance-type</code></a><span title=\"Version is not explicitly stated, which means it is fixed to the version provided in this specification\"> version &#x1F4E6;0.1.0</span><table class=\"none\"><tr><td style=\"white-space:nowrap\"><b>Code</b></td><td><b>Display</b></td></tr><tr><td><a href=\"CodeSystem-immunosuppressive-maintenance-type-cs.html#immunosuppressive-maintenance-type-cs-maintenance-to-patient\">maintenance-to-patient</a></td><td style=\"color: #cccccc\">Immunosuppressive maintenance therapy to patient</td></tr></table></li></ul></div>"},"url":"http://example.org/fhir/ImplementationGuide/donor-ig/ValueSet/immunosuppressive-maintenance-type-vs","version":"0.1.0","name":"ImmunosuppressiveMaintenanceTypeVS","title":"Immunosuppressive Maintenance to Patient Type ValueSet","status":"draft","date":"2025-12-09T16:44:49+01:00","publisher":"Your Organization","contact":[{"name":"Your Organization","telecom":[{"system":"url","value":"https://example.org"}]}],"description":"Allowed types for immunosuppressive maintenance records.","compose":{"include":[{"system":"http://example.org/fhir/CodeSystem/immunosuppressive-maintenance-type","concept":[{"code":"maintenance-to-patient"}]}]}}