{"resourceType":"ValueSet","id":"instrumental-investigation-name-vs","text":{"status":"generated","div":"<div xmlns=\"http://www.w3.org/1999/xhtml\"><p class=\"res-header-id\"><b>Generated Narrative: ValueSet instrumental-investigation-name-vs</b></p><a name=\"instrumental-investigation-name-vs\"> </a><a name=\"hcinstrumental-investigation-name-vs\"> </a><ul><li>Include all codes defined in <a href=\"CodeSystem-instrumental-investigation-name-cs.html\"><code>http://example.org/fhir/CodeSystem/instrumental-investigation-name</code></a><span title=\"Version is not explicitly stated, which means it is fixed to the version provided in this specification\"> version &#x1F4E6;0.1.0</span></li></ul></div>"},"url":"http://example.org/fhir/ValueSet/instrumental-investigation-name","version":"0.1.0","name":"InstrumentalInvestigationNameVS","title":"Instrumental Investigation Name","status":"draft","date":"2025-12-09T16:44:49+01:00","publisher":"Your Organization","contact":[{"name":"Your Organization","telecom":[{"system":"url","value":"https://example.org"}]}],"description":"ValueSet of instrumental investigation tests conducted.","compose":{"include":[{"system":"http://example.org/fhir/CodeSystem/instrumental-investigation-name"}]}}