<?xml version="1.0" encoding="UTF-8"?>

<Patient xmlns="http://hl7.org/fhir">
  <id value="ExampleDonor1"/>
  <meta>
    <profile value="http://example.org/fhir/ImplementationGuide/donor-ig/StructureDefinition/donor"/>
  </meta>
  <text>
    <status value="generated"/><div xmlns="http://www.w3.org/1999/xhtml"><p class="res-header-id"><b>Generated Narrative: Patient ExampleDonor1</b></p><a name="ExampleDonor1"> </a><a name="hcExampleDonor1"> </a><div style="display: inline-block; background-color: #d9e0e7; padding: 6px; margin: 4px; border: 1px solid #8da1b4; border-radius: 5px; line-height: 60%"><p style="margin-bottom: 0px"/><p style="margin-bottom: 0px">Profile: <a href="StructureDefinition-donor.html">Transplant Donor</a></p></div><p style="border: 1px #661aff solid; background-color: #e6e6ff; padding: 10px;">Anonymous Patient Male, DoB: 1990-07-21 ( http://example.org/fhir/identifiers/donor#D000123)</p><hr/><table class="grid"><tr><td style="background-color: #f3f5da" title="Donor HLA Class I loci relevant for the transplant (HLA-A, HLA-B, HLA-C)."><a href="StructureDefinition-donor-allograft-hla-class-i.html">Donor allograft HLA Class I loci</a></td><td colspan="3"><span title="Codes:{http://example.org/fhir/CodeSystem/patient-hla-class-i HLA-A}, {http://example.org/fhir/CodeSystem/patient-hla-class-i HLA-B}, {http://example.org/fhir/CodeSystem/patient-hla-class-i HLA-C}">HLA-A</span></td></tr><tr><td style="background-color: #f3f5da" title="ABO blood group of the donor."><a href="StructureDefinition-donor-abo-group.html">Donor ABO group</a></td><td colspan="3"><span title="Codes:{http://example.org/fhir/CodeSystem/patient-abo-group O}">Group O</span></td></tr><tr><td style="background-color: #f3f5da" title="Type of dialysis the donor received before kidney transplantation."><a href="StructureDefinition-donor-pre-ktx-dialysis-type.html">Donor pre-kidney-transplant dialysis type</a></td><td colspan="3"><span title="Codes:{http://example.org/fhir/CodeSystem/donor-pre-ktx-dialysis-type hemodialysis}">Hemodialysis</span></td></tr><tr><td style="background-color: #f3f5da" title="Whether the donor liver graft is complete or partial."><a href="StructureDefinition-donor-liver-type.html">Donor liver graft type</a></td><td colspan="3"><span title="Codes:{http://example.org/fhir/CodeSystem/donor-liver-type partial}">Partial liver graft</span></td></tr><tr><td style="background-color: #f3f5da" title="Donor HLA Class II loci relevant for the transplant (HLA-DR, HLA-DP, HLA-DQ)."><a href="StructureDefinition-donor-allograft-hla-class-ii.html">Donor allograft HLA Class II loci</a></td><td colspan="3"><span title="Codes:{http://example.org/fhir/CodeSystem/patient-hla-class-ii HLA-DR}, {http://example.org/fhir/CodeSystem/patient-hla-class-ii HLA-DP}, {http://example.org/fhir/CodeSystem/patient-hla-class-ii HLA-DQ}">HLA-DR</span></td></tr><tr><td style="background-color: #f3f5da" title="Rh factor of the donor."><a href="StructureDefinition-donor-rh-factor.html">Donor Rh factor</a></td><td colspan="3"><span title="Codes:{http://example.org/fhir/CodeSystem/patient-rh-factor positive}">Rh positive</span></td></tr></table></div>
  </text>
  <extension url="http://example.org/fhir/ImplementationGuide/donor-ig/StructureDefinition/donor-abo-group">
    <valueCodeableConcept>
      <coding>
        <system value="http://example.org/fhir/CodeSystem/patient-abo-group"/>
        <code value="O"/>
        <display value="Group O"/>
      </coding>
    </valueCodeableConcept>
  </extension>
  <extension url="http://example.org/fhir/ImplementationGuide/donor-ig/StructureDefinition/donor-rh-factor">
    <valueCodeableConcept>
      <coding>
        <system value="http://example.org/fhir/CodeSystem/patient-rh-factor"/>
        <code value="positive"/>
        <display value="Rh positive"/>
      </coding>
    </valueCodeableConcept>
  </extension>
  <extension url="http://example.org/fhir/ImplementationGuide/donor-ig/StructureDefinition/donor-allograft-hla-class-i">
    <valueCodeableConcept>
      <coding>
        <system value="http://example.org/fhir/CodeSystem/patient-hla-class-i"/>
        <code value="HLA-A"/>
      </coding>
      <coding>
        <system value="http://example.org/fhir/CodeSystem/patient-hla-class-i"/>
        <code value="HLA-B"/>
      </coding>
      <coding>
        <system value="http://example.org/fhir/CodeSystem/patient-hla-class-i"/>
        <code value="HLA-C"/>
      </coding>
    </valueCodeableConcept>
  </extension>
  <extension url="http://example.org/fhir/ImplementationGuide/donor-ig/StructureDefinition/donor-allograft-hla-class-ii">
    <valueCodeableConcept>
      <coding>
        <system value="http://example.org/fhir/CodeSystem/patient-hla-class-ii"/>
        <code value="HLA-DR"/>
      </coding>
      <coding>
        <system value="http://example.org/fhir/CodeSystem/patient-hla-class-ii"/>
        <code value="HLA-DP"/>
      </coding>
      <coding>
        <system value="http://example.org/fhir/CodeSystem/patient-hla-class-ii"/>
        <code value="HLA-DQ"/>
      </coding>
    </valueCodeableConcept>
  </extension>
  <extension url="http://example.org/fhir/ImplementationGuide/donor-ig/StructureDefinition/donor-liver-type">
    <valueCodeableConcept>
      <coding>
        <system value="http://example.org/fhir/CodeSystem/donor-liver-type"/>
        <code value="partial"/>
        <display value="Partial liver graft"/>
      </coding>
    </valueCodeableConcept>
  </extension>
  <extension url="http://example.org/fhir/ImplementationGuide/donor-ig/StructureDefinition/donor-pre-ktx-dialysis-type">
    <valueCodeableConcept>
      <coding>
        <system value="http://example.org/fhir/CodeSystem/donor-pre-ktx-dialysis-type"/>
        <code value="hemodialysis"/>
        <display value="Hemodialysis"/>
      </coding>
    </valueCodeableConcept>
  </extension>
  <identifier>
    <system value="http://example.org/fhir/identifiers/donor"/>
    <value value="D000123"/>
  </identifier>
  <gender value="male"/>
  <birthDate value="1990-07-21"/>
</Patient>