<?xml version="1.0" encoding="UTF-8"?>

<ValueSet xmlns="http://hl7.org/fhir">
  <id value="transplant-type-vs"/>
  <text>
    <status value="generated"/><div xmlns="http://www.w3.org/1999/xhtml"><p class="res-header-id"><b>Generated Narrative: ValueSet transplant-type-vs</b></p><a name="transplant-type-vs"> </a><a name="hctransplant-type-vs"> </a><ul><li>Include these codes as defined in <a href="CodeSystem-transplant-type-cs.html"><code>http://example.org/fhir/CodeSystem/transplant-type</code></a><span title="Version is not explicitly stated, which means it is fixed to the version provided in this specification"> version &#x1F4E6;0.1.0</span><table class="none"><tr><td style="white-space:nowrap"><b>Code</b></td><td><b>Display</b></td></tr><tr><td><a href="CodeSystem-transplant-type-cs.html#transplant-type-cs-liver">liver</a></td><td style="color: #cccccc">Liver transplant</td></tr><tr><td><a href="CodeSystem-transplant-type-cs.html#transplant-type-cs-kidney">kidney</a></td><td style="color: #cccccc">Kidney transplant</td></tr><tr><td><a href="CodeSystem-transplant-type-cs.html#transplant-type-cs-combined">combined</a></td><td style="color: #cccccc">Combined liver-kidney transplant</td></tr></table></li></ul></div>
  </text>
  <url value="http://example.org/fhir/ImplementationGuide/donor-ig/ValueSet/transplant-type-vs"/>
  <version value="0.1.0"/>
  <name value="TransplantTypeVS"/>
  <title value="Transplant Type ValueSet"/>
  <status value="draft"/>
  <date value="2025-12-10T13:58:21+01:00"/>
  <publisher value="Your Organization"/>
  <contact>
    <name value="Your Organization"/>
    <telecom>
      <system value="url"/>
      <value value="https://example.org"/>
    </telecom>
  </contact>
  <description value="Allowed transplant types."/>
  <compose>
    <include>
      <system value="http://example.org/fhir/CodeSystem/transplant-type"/>
      <concept>
        <code value="liver"/>
      </concept>
      <concept>
        <code value="kidney"/>
      </concept>
      <concept>
        <code value="combined"/>
      </concept>
    </include>
  </compose>
</ValueSet>