<?xml version="1.0" encoding="UTF-8"?>

<ValueSet xmlns="http://hl7.org/fhir">
  <id value="immunosuppressive-induction-dose-unit-vs"/>
  <text>
    <status value="generated"/><div xmlns="http://www.w3.org/1999/xhtml"><p class="res-header-id"><b>Generated Narrative: ValueSet immunosuppressive-induction-dose-unit-vs</b></p><a name="immunosuppressive-induction-dose-unit-vs"> </a><a name="hcimmunosuppressive-induction-dose-unit-vs"> </a><ul><li>Include all codes defined in <a href="CodeSystem-immunosuppressive-induction-dose-unit-cs.html"><code>http://example.org/fhir/CodeSystem/immunosuppressive-induction-dose-unit</code></a><span title="Version is not explicitly stated, which means it is fixed to the version provided in this specification"> version &#x1F4E6;0.1.0</span></li></ul></div>
  </text>
  <url value="http://example.org/fhir/ValueSet/immunosuppressive-induction-dose-unit"/>
  <version value="0.1.0"/>
  <name value="ImmunosuppressiveInductionDoseUnitVS"/>
  <title value="Immunosuppressant Induction Dose Unit"/>
  <status value="draft"/>
  <date value="2025-12-10T13:58:21+01:00"/>
  <publisher value="Your Organization"/>
  <contact>
    <name value="Your Organization"/>
    <telecom>
      <system value="url"/>
      <value value="https://example.org"/>
    </telecom>
  </contact>
  <description value="ValueSet of units for immunosuppressant induction dose."/>
  <compose>
    <include>
      <system value="http://example.org/fhir/CodeSystem/immunosuppressive-induction-dose-unit"/>
    </include>
  </compose>
</ValueSet>