{
  "resourceType" : "Basic",
  "id" : "post-event-type-example-1",
  "meta" : {
    "profile" : ["http://example.org/fhir/ImplementationGuide/donor-ig/StructureDefinition/post-event-type"]
  },
  "text" : {
    "status" : "extensions",
    "div" : "<div xmlns=\"http://www.w3.org/1999/xhtml\"><p class=\"res-header-id\"><b>Generated Narrative: Basic post-event-type-example-1</b></p><a name=\"post-event-type-example-1\"> </a><a name=\"hcpost-event-type-example-1\"> </a><div style=\"display: inline-block; background-color: #d9e0e7; padding: 6px; margin: 4px; border: 1px solid #8da1b4; border-radius: 5px; line-height: 60%\"><p style=\"margin-bottom: 0px\"/><p style=\"margin-bottom: 0px\">Profile: <a href=\"StructureDefinition-post-event-type.html\">Post Event Type</a></p></div><p><b>Post event type name</b>: <span title=\"Codes:{http://example.org/fhir/CodeSystem/post-event-type-name episodes-aki-after-ltx}\">Episodes of AKI after LTx</span></p><p><b>identifier</b>: <code>http://example.org/fhir/NamingSystem/post-event-type-id</code>/PET0001</p><p><b>code</b>: <span title=\"Codes:{http://example.org/fhir/CodeSystem/post-event-type-category clinical-event}\">Clinical post-transplant event</span></p></div>"
  },
  "extension" : [{
    "url" : "http://example.org/fhir/ImplementationGuide/donor-ig/StructureDefinition/post-event-type-name-ext",
    "valueCodeableConcept" : {
      "coding" : [{
        "system" : "http://example.org/fhir/CodeSystem/post-event-type-name",
        "code" : "episodes-aki-after-ltx",
        "display" : "Episodes of AKI after LTx"
      }]
    }
  }],
  "identifier" : [{
    "system" : "http://example.org/fhir/NamingSystem/post-event-type-id",
    "value" : "PET0001"
  }],
  "code" : {
    "coding" : [{
      "system" : "http://example.org/fhir/CodeSystem/post-event-type-category",
      "code" : "clinical-event",
      "display" : "Clinical post-transplant event"
    }]
  }
}