{
  "resourceType" : "Basic",
  "id" : "instrumental-investigation-example-1",
  "meta" : {
    "profile" : ["http://example.org/fhir/ImplementationGuide/donor-ig/StructureDefinition/instrumental-investigation"]
  },
  "text" : {
    "status" : "extensions",
    "div" : "<div xmlns=\"http://www.w3.org/1999/xhtml\"><p class=\"res-header-id\"><b>Generated Narrative: Basic instrumental-investigation-example-1</b></p><a name=\"instrumental-investigation-example-1\"> </a><a name=\"hcinstrumental-investigation-example-1\"> </a><div style=\"display: inline-block; background-color: #d9e0e7; padding: 6px; margin: 4px; border: 1px solid #8da1b4; border-radius: 5px; line-height: 60%\"><p style=\"margin-bottom: 0px\"/><p style=\"margin-bottom: 0px\">Profile: <a href=\"StructureDefinition-instrumental-investigation.html\">Instrumental Investigation</a></p></div><p><b>Instrumental investigation name</b>: <span title=\"Codes:{http://example.org/fhir/CodeSystem/instrumental-investigation-name 718078008}\">Liver doppler ultrasound</span></p><p><b>identifier</b>: <code>http://example.org/fhir/NamingSystem/instrumental-investigation-id</code>/INST0001</p><p><b>code</b>: <span title=\"Codes:\">Instrumental investigation test definition</span></p></div>"
  },
  "extension" : [{
    "url" : "http://example.org/fhir/ImplementationGuide/donor-ig/StructureDefinition/instrumental-investigation-name-ext",
    "valueCodeableConcept" : {
      "coding" : [{
        "system" : "http://example.org/fhir/CodeSystem/instrumental-investigation-name",
        "code" : "718078008",
        "display" : "Liver doppler ultrasound"
      }]
    }
  }],
  "identifier" : [{
    "system" : "http://example.org/fhir/NamingSystem/instrumental-investigation-id",
    "value" : "INST0001"
  }],
  "code" : {
    "text" : "Instrumental investigation test definition"
  }
}