{
  "resourceType" : "Encounter",
  "id" : "VisitExample1",
  "meta" : {
    "profile" : ["http://example.org/fhir/ImplementationGuide/donor-ig/StructureDefinition/visit"]
  },
  "text" : {
    "status" : "extensions",
    "div" : "<div xmlns=\"http://www.w3.org/1999/xhtml\"><p class=\"res-header-id\"><b>Generated Narrative: Encounter VisitExample1</b></p><a name=\"VisitExample1\"> </a><a name=\"hcVisitExample1\"> </a><div style=\"display: inline-block; background-color: #d9e0e7; padding: 6px; margin: 4px; border: 1px solid #8da1b4; border-radius: 5px; line-height: 60%\"><p style=\"margin-bottom: 0px\"/><p style=\"margin-bottom: 0px\">Profile: <a href=\"StructureDefinition-visit.html\">Visit</a></p></div><p><b>Transplant ID relationship</b>: <a href=\"Encounter-TransplantExample1.html\">Encounter: extension = -&gt;Anonymous Patient Male, DoB: 1990-07-21 ( http://example.org/fhir/identifiers/donor#D000123),0.95,false,480,18,Accessory hepatic artery reconstructed,45; identifier = http://example.org/fhir/identifiers/transplant#T000001; status = finished; class = inpatient encounter (ActCode#IMP); type = Liver transplant; period = 2023-08-15 08:00:00+0100 --&gt; (ongoing)</a></p><p><b>Outcome ID relationship</b>: <a href=\"Basic-outcome-example-1.html\">Basic Clinical outcome</a></p><p><b>identifier</b>: <code>http://example.org/fhir/identifiers/visit</code>/V000001</p><p><b>status</b>: Finished</p><p><b>class</b>: <a href=\"http://terminology.hl7.org/7.0.0/CodeSystem-v3-ActCode.html#v3-ActCode-AMB\">ActCode: AMB</a> (ambulatory)</p><p><b>type</b>: <span title=\"Codes:{http://example.org/fhir/CodeSystem/visit-type month-1}\">1 month visit</span></p><p><b>subject</b>: <a href=\"Patient-ExamplePatientTransplant1.html\">Anonymous Patient Female, DoB: 2012-03-12 ( http://example.org/fhir/identifiers/patient#P000456)</a></p><p><b>period</b>: 2023-09-15 --&gt; (ongoing)</p></div>"
  },
  "extension" : [{
    "url" : "http://example.org/fhir/ImplementationGuide/donor-ig/StructureDefinition/visit-transplant-ref",
    "valueReference" : {
      "reference" : "Encounter/TransplantExample1"
    }
  },
  {
    "url" : "http://example.org/fhir/ImplementationGuide/donor-ig/StructureDefinition/visit-outcome-ref",
    "valueReference" : {
      "reference" : "Basic/outcome-example-1"
    }
  }],
  "identifier" : [{
    "system" : "http://example.org/fhir/identifiers/visit",
    "value" : "V000001"
  }],
  "status" : "finished",
  "class" : {
    "system" : "http://terminology.hl7.org/CodeSystem/v3-ActCode",
    "code" : "AMB",
    "display" : "ambulatory"
  },
  "type" : [{
    "coding" : [{
      "system" : "http://example.org/fhir/CodeSystem/visit-type",
      "code" : "month-1",
      "display" : "1 month visit"
    }]
  }],
  "subject" : {
    "reference" : "Patient/ExamplePatientTransplant1"
  },
  "period" : {
    "start" : "2023-09-15"
  }
}