<?xml version="1.0" encoding="UTF-8"?>

<Basic xmlns="http://hl7.org/fhir">
  <id value="concomitant-disease-example-1"/>
  <meta>
    <profile value="http://example.org/fhir/ImplementationGuide/donor-ig/StructureDefinition/concomitant-disease"/>
  </meta>
  <text>
    <status value="extensions"/><div xmlns="http://www.w3.org/1999/xhtml"><p class="res-header-id"><b>Generated Narrative: Basic concomitant-disease-example-1</b></p><a name="concomitant-disease-example-1"> </a><a name="hcconcomitant-disease-example-1"> </a><div style="display: inline-block; background-color: #d9e0e7; padding: 6px; margin: 4px; border: 1px solid #8da1b4; border-radius: 5px; line-height: 60%"><p style="margin-bottom: 0px"/><p style="margin-bottom: 0px">Profile: <a href="StructureDefinition-concomitant-disease.html">Concomitant Disease</a></p></div><p><b>Concomitant disease name(s)</b>: <span title="Codes:{http://example.org/fhir/CodeSystem/concomitant-disease-category hypertension}">Hypertension</span></p><p><b>identifier</b>: <code>http://example.org/fhir/NamingSystem/concomitant-disease-id</code>/CD0001</p><p><b>code</b>: <span title="Codes:{http://example.org/fhir/CodeSystem/concomitant-disease-type relevant}">Relevant concomitant disease(s)</span></p></div>
  </text>
  <extension url="http://example.org/fhir/ImplementationGuide/donor-ig/StructureDefinition/concomitant-disease-name">
    <valueCodeableConcept>
      <coding>
        <system value="http://example.org/fhir/CodeSystem/concomitant-disease-category"/>
        <code value="hypertension"/>
        <display value="Hypertension"/>
      </coding>
    </valueCodeableConcept>
  </extension>
  <identifier>
    <system value="http://example.org/fhir/NamingSystem/concomitant-disease-id"/>
    <value value="CD0001"/>
  </identifier>
  <code>
    <coding>
      <system value="http://example.org/fhir/CodeSystem/concomitant-disease-type"/>
      <code value="relevant"/>
      <display value="Relevant concomitant disease(s)"/>
    </coding>
  </code>
</Basic>