<?xml version="1.0" encoding="UTF-8"?>

<Basic xmlns="http://hl7.org/fhir">
  <id value="clinical-variable-example-1"/>
  <meta>
    <profile value="http://example.org/fhir/ImplementationGuide/donor-ig/StructureDefinition/clinical-variable"/>
  </meta>
  <text>
    <status value="extensions"/><div xmlns="http://www.w3.org/1999/xhtml"><p class="res-header-id"><b>Generated Narrative: Basic clinical-variable-example-1</b></p><a name="clinical-variable-example-1"> </a><a name="hcclinical-variable-example-1"> </a><div style="display: inline-block; background-color: #d9e0e7; padding: 6px; margin: 4px; border: 1px solid #8da1b4; border-radius: 5px; line-height: 60%"><p style="margin-bottom: 0px"/><p style="margin-bottom: 0px">Profile: <a href="StructureDefinition-clinical-variable.html">Clinical Variable</a></p></div><p><b>Patient ID relationship</b>: <a href="Patient-ExamplePatientTransplant1.html">Anonymous Patient Female, DoB: 2012-03-12 ( http://example.org/fhir/identifiers/patient#P000456)</a></p><p><b>Date</b>: 2025-01-15</p><p><b>Weight</b>: 72.5</p><p><b>Height</b>: 175</p><p><b>Systolic blood pressure</b>: 120</p><p><b>Diastolic blood pressure</b>: 75</p><p><b>Heart rate</b>: 68</p><p><b>Oxygen saturation</b>: 98</p><p><b>Temperature</b>: 37</p><p><b>identifier</b>: <code>http://example.org/fhir/NamingSystem/clinical-variable-id</code>/CV0001</p><p><b>code</b>: <span title="Codes:{http://example.org/fhir/CodeSystem/clinical-variable-type vitals}">Vital signs</span></p></div>
  </text>
  <extension url="http://example.org/fhir/ImplementationGuide/donor-ig/StructureDefinition/clinical-variable-patient-ref">
    <valueReference>
      <reference value="Patient/ExamplePatientTransplant1"/>
    </valueReference>
  </extension>
  <extension url="http://example.org/fhir/ImplementationGuide/donor-ig/StructureDefinition/clinical-variable-date">
    <valueDate value="2025-01-15"/>
  </extension>
  <extension url="http://example.org/fhir/ImplementationGuide/donor-ig/StructureDefinition/clinical-variable-weight">
    <valueDecimal value="72.5"/>
  </extension>
  <extension url="http://example.org/fhir/ImplementationGuide/donor-ig/StructureDefinition/clinical-variable-height">
    <valueDecimal value="175"/>
  </extension>
  <extension url="http://example.org/fhir/ImplementationGuide/donor-ig/StructureDefinition/clinical-variable-systolic-blood-pressure">
    <valueInteger value="120"/>
  </extension>
  <extension url="http://example.org/fhir/ImplementationGuide/donor-ig/StructureDefinition/clinical-variable-diastolic-blood-pressure">
    <valueInteger value="75"/>
  </extension>
  <extension url="http://example.org/fhir/ImplementationGuide/donor-ig/StructureDefinition/clinical-variable-heart-rate">
    <valueInteger value="68"/>
  </extension>
  <extension url="http://example.org/fhir/ImplementationGuide/donor-ig/StructureDefinition/clinical-variable-oxygen-saturation">
    <valueInteger value="98"/>
  </extension>
  <extension url="http://example.org/fhir/ImplementationGuide/donor-ig/StructureDefinition/clinical-variable-temperature">
    <valueInteger value="37"/>
  </extension>
  <identifier>
    <system value="http://example.org/fhir/NamingSystem/clinical-variable-id"/>
    <value value="CV0001"/>
  </identifier>
  <code>
    <coding>
      <system value="http://example.org/fhir/CodeSystem/clinical-variable-type"/>
      <code value="vitals"/>
      <display value="Vital signs"/>
    </coding>
  </code>
</Basic>