<?xml version="1.0" encoding="UTF-8"?>

<DiagnosticReport xmlns="http://hl7.org/fhir">
  <id value="lab-report-example-1"/>
  <meta>
    <profile value="http://example.org/fhir/ImplementationGuide/donor-ig/StructureDefinition/lab-report"/>
  </meta>
  <text>
    <status value="generated"/><div xmlns="http://www.w3.org/1999/xhtml"><p class="res-header-id"><b>Generated Narrative: DiagnosticReport lab-report-example-1</b></p><a name="lab-report-example-1"> </a><a name="hclab-report-example-1"> </a><div style="display: inline-block; background-color: #d9e0e7; padding: 6px; margin: 4px; border: 1px solid #8da1b4; border-radius: 5px; line-height: 60%"><p style="margin-bottom: 0px"/><p style="margin-bottom: 0px">Profile: <a href="StructureDefinition-lab-report.html">Laboratory DiagnosticReport</a></p></div><h2><span title="Codes:{http://loinc.org 11502-2}">Laboratory report</span> (<span title="Codes:{http://terminology.hl7.org/CodeSystem/v2-0074 LAB}">Laboratory</span>) </h2><table class="grid"><tr><td>Subject</td><td>Anonymous Patient Female, DoB: 2012-03-12 ( http://example.org/fhir/identifiers/patient#P000456)</td></tr><tr><td>When For</td><td>2023-09-02 09:15:00+0100</td></tr><tr><td>Reported</td><td>2023-09-02 11:30:00+0100</td></tr></table><p><b>Report Details</b></p><table class="grid"><tr><td><b>Code</b></td><td><b>Value</b></td><td><b>Flags</b></td></tr><tr><td><a href="Observation-lab-result-observation-example-1.html"><span title="Codes:{http://loinc.org 2160-0}">Creatinine [Mass/volume] in Serum or Plasma</span></a></td><td>1.2 mg/dL<span style="background: LightGoldenRodYellow"> (Details: Lab Result Unit CodeSystem  codemg_per_dL = 'mg/dL')</span></td><td>Final, <span title="Codes:{http://terminology.hl7.org/CodeSystem/v3-ObservationInterpretation H}">High</span></td></tr></table></div>
  </text>
  <status value="final"/>
  <category>
    <coding>
      <system value="http://terminology.hl7.org/CodeSystem/v2-0074"/>
      <code value="LAB"/>
      <display value="Laboratory"/>
    </coding>
  </category>
  <code>
    <coding>
      <system value="http://loinc.org"/>
      <code value="11502-2"/>
      <display value="Laboratory report"/>
    </coding>
  </code>
  <subject>
    <reference value="Patient/ExamplePatientTransplant1"/>
  </subject>
  <effectiveDateTime value="2023-09-02T09:15:00+01:00"/>
  <issued value="2023-09-02T11:30:00+01:00"/>
  <specimen>
    <reference value="Specimen/biosample-example-1"/>
  </specimen>
  <result>
    <reference value="Observation/lab-result-observation-example-1"/>
  </result>
</DiagnosticReport>