<?xml version="1.0" encoding="UTF-8"?>

<Encounter xmlns="http://hl7.org/fhir">
  <id value="VisitExample1"/>
  <meta>
    <profile value="http://example.org/fhir/ImplementationGuide/donor-ig/StructureDefinition/visit"/>
  </meta>
  <text>
    <status value="extensions"/><div xmlns="http://www.w3.org/1999/xhtml"><p class="res-header-id"><b>Generated Narrative: Encounter VisitExample1</b></p><a name="VisitExample1"> </a><a name="hcVisitExample1"> </a><div style="display: inline-block; background-color: #d9e0e7; padding: 6px; margin: 4px; border: 1px solid #8da1b4; border-radius: 5px; line-height: 60%"><p style="margin-bottom: 0px"/><p style="margin-bottom: 0px">Profile: <a href="StructureDefinition-visit.html">Visit</a></p></div><p><b>Transplant ID relationship</b>: <a href="Encounter-TransplantExample1.html">Encounter: extension = -&gt;Anonymous Patient Male, DoB: 1990-07-21 ( http://example.org/fhir/identifiers/donor#D000123),0.95,false,480,18,Accessory hepatic artery reconstructed,45; identifier = http://example.org/fhir/identifiers/transplant#T000001; status = finished; class = inpatient encounter (ActCode#IMP); type = Liver transplant; period = 2023-08-15 08:00:00+0100 --&gt; (ongoing)</a></p><p><b>Outcome ID relationship</b>: <a href="Basic-outcome-example-1.html">Basic Clinical outcome</a></p><p><b>identifier</b>: <code>http://example.org/fhir/identifiers/visit</code>/V000001</p><p><b>status</b>: Finished</p><p><b>class</b>: <a href="http://terminology.hl7.org/7.0.0/CodeSystem-v3-ActCode.html#v3-ActCode-AMB">ActCode: AMB</a> (ambulatory)</p><p><b>type</b>: <span title="Codes:{http://example.org/fhir/CodeSystem/visit-type month-1}">1 month visit</span></p><p><b>subject</b>: <a href="Patient-ExamplePatientTransplant1.html">Anonymous Patient Female, DoB: 2012-03-12 ( http://example.org/fhir/identifiers/patient#P000456)</a></p><p><b>period</b>: 2023-09-15 --&gt; (ongoing)</p></div>
  </text>
  <extension url="http://example.org/fhir/ImplementationGuide/donor-ig/StructureDefinition/visit-transplant-ref">
    <valueReference>
      <reference value="Encounter/TransplantExample1"/>
    </valueReference>
  </extension>
  <extension url="http://example.org/fhir/ImplementationGuide/donor-ig/StructureDefinition/visit-outcome-ref">
    <valueReference>
      <reference value="Basic/outcome-example-1"/>
    </valueReference>
  </extension>
  <identifier>
    <system value="http://example.org/fhir/identifiers/visit"/>
    <value value="V000001"/>
  </identifier>
  <status value="finished"/>
  <class>
    <system value="http://terminology.hl7.org/CodeSystem/v3-ActCode"/>
    <code value="AMB"/>
    <display value="ambulatory"/>
  </class>
  <type>
    <coding>
      <system value="http://example.org/fhir/CodeSystem/visit-type"/>
      <code value="month-1"/>
      <display value="1 month visit"/>
    </coding>
  </type>
  <subject>
    <reference value="Patient/ExamplePatientTransplant1"/>
  </subject>
  <period>
    <start value="2023-09-15"/>
  </period>
</Encounter>