{"resourceType":"CodeSystem","id":"post-event-type-name-cs","text":{"status":"generated","div":"<div xmlns=\"http://www.w3.org/1999/xhtml\"><p class=\"res-header-id\"><b>Generated Narrative: CodeSystem post-event-type-name-cs</b></p><a name=\"post-event-type-name-cs\"> </a><a name=\"hcpost-event-type-name-cs\"> </a><p>This  code system <code>http://example.org/fhir/CodeSystem/post-event-type-name</code> defines the following codes:</p><table class=\"codes\"><tr><td style=\"white-space:nowrap\"><b>Code</b></td><td><b>Display</b></td></tr><tr><td style=\"white-space:nowrap\">episodes-aki-after-ltx<a name=\"post-event-type-name-cs-episodes-aki-after-ltx\"> </a></td><td>Episodes of AKI after LTx</td></tr><tr><td style=\"white-space:nowrap\">hypoxic-ischemic-after-pltx<a name=\"post-event-type-name-cs-hypoxic-ischemic-after-pltx\"> </a></td><td>Hypoxic ischemic events after pLTx</td></tr><tr><td style=\"white-space:nowrap\">liver-rejection-banff<a name=\"post-event-type-name-cs-liver-rejection-banff\"> </a></td><td>Histological evidence of liver rejection based on Banff classification (IC/IF/C4d)</td></tr><tr><td style=\"white-space:nowrap\">intestinal-mmf-toxicity<a name=\"post-event-type-name-cs-intestinal-mmf-toxicity\"> </a></td><td>Histological evidence of intestinal MMF toxicity on intestinal biopsy</td></tr><tr><td style=\"white-space:nowrap\">dialysis-after-tx<a name=\"post-event-type-name-cs-dialysis-after-tx\"> </a></td><td>Dialysis after transplant (yes/no, start and stop date, type)</td></tr><tr><td style=\"white-space:nowrap\">tma-kidney-biopsy<a name=\"post-event-type-name-cs-tma-kidney-biopsy\"> </a></td><td>Histological evidence of Thrombotic Microangiopathy (TMA) on kidney biopsy</td></tr><tr><td style=\"white-space:nowrap\">cni-toxicity<a name=\"post-event-type-name-cs-cni-toxicity\"> </a></td><td>Histological evidence of CNI toxicity</td></tr><tr><td style=\"white-space:nowrap\">bkv-kidney-biopsy<a name=\"post-event-type-name-cs-bkv-kidney-biopsy\"> </a></td><td>Histological evidence of BKV virus/ BKV-DNA on kidney biopsy/ BKV FISH on kidney biopsy</td></tr><tr><td style=\"white-space:nowrap\">mmf-related-enteropathy<a name=\"post-event-type-name-cs-mmf-related-enteropathy\"> </a></td><td>Histological evidence of MMF-related enteropathy</td></tr><tr><td style=\"white-space:nowrap\">regression-after-dose-change<a name=\"post-event-type-name-cs-regression-after-dose-change\"> </a></td><td>Regression of symptoms after suspension/dose reduction</td></tr><tr><td style=\"white-space:nowrap\">other-organ-damage<a name=\"post-event-type-name-cs-other-organ-damage\"> </a></td><td>Other organ damage</td></tr><tr><td style=\"white-space:nowrap\">alloimmunization<a name=\"post-event-type-name-cs-alloimmunization\"> </a></td><td>Alloimmunization</td></tr><tr><td style=\"white-space:nowrap\">delayed-graft-function<a name=\"post-event-type-name-cs-delayed-graft-function\"> </a></td><td>Delayed Graft function</td></tr><tr><td style=\"white-space:nowrap\">liver-rejection-episode-histology<a name=\"post-event-type-name-cs-liver-rejection-episode-histology\"> </a></td><td>Liver rejection episode histology (histology (description, Banff category, immunohistochemistry/IF/C4d)</td></tr><tr><td style=\"white-space:nowrap\">previous-liver-rejections<a name=\"post-event-type-name-cs-previous-liver-rejections\"> </a></td><td>Previous liver rejections (Banff category, treatment)</td></tr><tr><td style=\"white-space:nowrap\">chronic-liver-rejection-histology<a name=\"post-event-type-name-cs-chronic-liver-rejection-histology\"> </a></td><td>Chronic liver rejection histology (description, Banff, category, IHC/IF/C4d)</td></tr><tr><td style=\"white-space:nowrap\">monoclonal-proliferation-biopsy<a name=\"post-event-type-name-cs-monoclonal-proliferation-biopsy\"> </a></td><td>Monoclonal proliferation on biopsy</td></tr><tr><td style=\"white-space:nowrap\">liver-replacement-therapy<a name=\"post-event-type-name-cs-liver-replacement-therapy\"> </a></td><td>Liver replacement therapy (need for retransplantation)</td></tr><tr><td style=\"white-space:nowrap\">kidney-rejection-episode-histology<a name=\"post-event-type-name-cs-kidney-rejection-episode-histology\"> </a></td><td>Kidney rejection episode histology (description, Banff category, immunochemistry/if/c4D)</td></tr><tr><td style=\"white-space:nowrap\">previous-kidney-rejection<a name=\"post-event-type-name-cs-previous-kidney-rejection\"> </a></td><td>Previous kidney rejection (Banff category, treatment)</td></tr><tr><td style=\"white-space:nowrap\">kidney-replacement-therapy<a name=\"post-event-type-name-cs-kidney-replacement-therapy\"> </a></td><td>Kidney replacement therapy (Need for retransplantation)</td></tr></table></div>"},"url":"http://example.org/fhir/CodeSystem/post-event-type-name","version":"0.1.0","name":"PostEventTypeNameCS","title":"Post Event Type Name","status":"draft","date":"2025-12-10T09:07:26+01:00","publisher":"Your Organization","contact":[{"name":"Your Organization","telecom":[{"system":"url","value":"https://example.org"}]}],"description":"Types of post-transplant events.","content":"complete","count":21,"concept":[{"code":"episodes-aki-after-ltx","display":"Episodes of AKI after LTx","designation":[{"use":{"system":"http://terminology.hl7.org/CodeSystem/hl7TermMaintInfra","code":"preferredForLanguage"},"value":"Episodes of AKI after LTx"}]},{"code":"hypoxic-ischemic-after-pltx","display":"Hypoxic ischemic events after pLTx","designation":[{"use":{"system":"http://terminology.hl7.org/CodeSystem/hl7TermMaintInfra","code":"preferredForLanguage"},"value":"Hypoxic ischemic events after pLTx"}]},{"code":"liver-rejection-banff","display":"Histological evidence of liver rejection based on Banff classification (IC/IF/C4d)","designation":[{"use":{"system":"http://terminology.hl7.org/CodeSystem/hl7TermMaintInfra","code":"preferredForLanguage"},"value":"Histological evidence of liver rejection based on Banff classification (IC/IF/C4d)"}]},{"code":"intestinal-mmf-toxicity","display":"Histological evidence of intestinal MMF toxicity on intestinal biopsy","designation":[{"use":{"system":"http://terminology.hl7.org/CodeSystem/hl7TermMaintInfra","code":"preferredForLanguage"},"value":"Histological evidence of intestinal MMF toxicity on intestinal biopsy"}]},{"code":"dialysis-after-tx","display":"Dialysis after transplant (yes/no, start and stop date, type)","designation":[{"use":{"system":"http://terminology.hl7.org/CodeSystem/hl7TermMaintInfra","code":"preferredForLanguage"},"value":"Dialysis after transplant (yes/no, start and stop date, type)"}]},{"code":"tma-kidney-biopsy","display":"Histological evidence of Thrombotic Microangiopathy (TMA) on kidney biopsy","designation":[{"use":{"system":"http://terminology.hl7.org/CodeSystem/hl7TermMaintInfra","code":"preferredForLanguage"},"value":"Histological evidence of Thrombotic Microangiopathy (TMA) on kidney biopsy"}]},{"code":"cni-toxicity","display":"Histological evidence of CNI toxicity","designation":[{"use":{"system":"http://terminology.hl7.org/CodeSystem/hl7TermMaintInfra","code":"preferredForLanguage"},"value":"Histological evidence of CNI toxicity"}]},{"code":"bkv-kidney-biopsy","display":"Histological evidence of BKV virus/ BKV-DNA on kidney biopsy/ BKV FISH on kidney biopsy","designation":[{"use":{"system":"http://terminology.hl7.org/CodeSystem/hl7TermMaintInfra","code":"preferredForLanguage"},"value":"Histological evidence of BKV virus/ BKV-DNA on kidney biopsy/ BKV FISH on kidney biopsy"}]},{"code":"mmf-related-enteropathy","display":"Histological evidence of MMF-related enteropathy","designation":[{"use":{"system":"http://terminology.hl7.org/CodeSystem/hl7TermMaintInfra","code":"preferredForLanguage"},"value":"Histological evidence of MMF-related enteropathy"}]},{"code":"regression-after-dose-change","display":"Regression of symptoms after suspension/dose reduction","designation":[{"use":{"system":"http://terminology.hl7.org/CodeSystem/hl7TermMaintInfra","code":"preferredForLanguage"},"value":"Regression of symptoms after suspension/dose reduction"}]},{"code":"other-organ-damage","display":"Other organ damage","designation":[{"use":{"system":"http://terminology.hl7.org/CodeSystem/hl7TermMaintInfra","code":"preferredForLanguage"},"value":"Other organ damage"}]},{"code":"alloimmunization","display":"Alloimmunization","designation":[{"use":{"system":"http://terminology.hl7.org/CodeSystem/hl7TermMaintInfra","code":"preferredForLanguage"},"value":"Alloimmunization"}]},{"code":"delayed-graft-function","display":"Delayed Graft function","designation":[{"use":{"system":"http://terminology.hl7.org/CodeSystem/hl7TermMaintInfra","code":"preferredForLanguage"},"value":"Delayed Graft function"}]},{"code":"liver-rejection-episode-histology","display":"Liver rejection episode histology (histology (description, Banff category, immunohistochemistry/IF/C4d)","designation":[{"use":{"system":"http://terminology.hl7.org/CodeSystem/hl7TermMaintInfra","code":"preferredForLanguage"},"value":"Liver rejection episode histology (histology (description, Banff category, immunohistochemistry/IF/C4d)"}]},{"code":"previous-liver-rejections","display":"Previous liver rejections (Banff category, treatment)","designation":[{"use":{"system":"http://terminology.hl7.org/CodeSystem/hl7TermMaintInfra","code":"preferredForLanguage"},"value":"Previous liver rejections (Banff category, treatment)"}]},{"code":"chronic-liver-rejection-histology","display":"Chronic liver rejection histology (description, Banff, category, IHC/IF/C4d)","designation":[{"use":{"system":"http://terminology.hl7.org/CodeSystem/hl7TermMaintInfra","code":"preferredForLanguage"},"value":"Chronic liver rejection histology (description, Banff, category, IHC/IF/C4d)"}]},{"code":"monoclonal-proliferation-biopsy","display":"Monoclonal proliferation on biopsy","designation":[{"use":{"system":"http://terminology.hl7.org/CodeSystem/hl7TermMaintInfra","code":"preferredForLanguage"},"value":"Monoclonal proliferation on biopsy"}]},{"code":"liver-replacement-therapy","display":"Liver replacement therapy (need for retransplantation)","designation":[{"use":{"system":"http://terminology.hl7.org/CodeSystem/hl7TermMaintInfra","code":"preferredForLanguage"},"value":"Liver replacement therapy (need for retransplantation)"}]},{"code":"kidney-rejection-episode-histology","display":"Kidney rejection episode histology (description, Banff category, immunochemistry/if/c4D)","designation":[{"use":{"system":"http://terminology.hl7.org/CodeSystem/hl7TermMaintInfra","code":"preferredForLanguage"},"value":"Kidney rejection episode histology (description, Banff category, immunochemistry/if/c4D)"}]},{"code":"previous-kidney-rejection","display":"Previous kidney rejection (Banff category, treatment)","designation":[{"use":{"system":"http://terminology.hl7.org/CodeSystem/hl7TermMaintInfra","code":"preferredForLanguage"},"value":"Previous kidney rejection (Banff category, treatment)"}]},{"code":"kidney-replacement-therapy","display":"Kidney replacement therapy (Need for retransplantation)","designation":[{"use":{"system":"http://terminology.hl7.org/CodeSystem/hl7TermMaintInfra","code":"preferredForLanguage"},"value":"Kidney replacement therapy (Need for retransplantation)"}]}]}