{"resourceType":"CodeSystem","id":"patient-instrumental-investigation-result-cs","text":{"status":"generated","div":"<div xmlns=\"http://www.w3.org/1999/xhtml\"><p class=\"res-header-id\"><b>Generated Narrative: CodeSystem patient-instrumental-investigation-result-cs</b></p><a name=\"patient-instrumental-investigation-result-cs\"> </a><a name=\"hcpatient-instrumental-investigation-result-cs\"> </a><p>This case-insensitive code system <code>http://example.org/fhir/CodeSystem/patient-instrumental-investigation-result</code> defines the following codes:</p><table class=\"codes\"><tr><td style=\"white-space:nowrap\"><b>Code</b></td><td><b>Display</b></td></tr><tr><td style=\"white-space:nowrap\">normal<a name=\"patient-instrumental-investigation-result-cs-normal\"> </a></td><td>Normal</td></tr><tr><td style=\"white-space:nowrap\">abnormal<a name=\"patient-instrumental-investigation-result-cs-abnormal\"> </a></td><td>Abnormal</td></tr></table></div>"},"url":"http://example.org/fhir/CodeSystem/patient-instrumental-investigation-result","version":"0.1.0","name":"PatientInstrumentalInvestigationResultCS","title":"Patient Instrumental Investigation Result CodeSystem","status":"draft","experimental":true,"date":"2025-12-10T09:07:26+01:00","publisher":"Your Organization","contact":[{"name":"Your Organization","telecom":[{"system":"url","value":"https://example.org"}]}],"description":"Result of the instrumental investigation test conducted (Normal / Abnormal).","caseSensitive":false,"content":"complete","count":2,"concept":[{"code":"normal","display":"Normal"},{"code":"abnormal","display":"Abnormal"}]}