{"resourceType":"ValueSet","id":"intraoperative-complication-vs","text":{"status":"generated","div":"<div xmlns=\"http://www.w3.org/1999/xhtml\"><p class=\"res-header-id\"><b>Generated Narrative: ValueSet intraoperative-complication-vs</b></p><a name=\"intraoperative-complication-vs\"> </a><a name=\"hcintraoperative-complication-vs\"> </a><ul><li>Include these codes as defined in <a href=\"CodeSystem-intraoperative-complication-cs.html\"><code>http://example.org/fhir/CodeSystem/intraoperative-complication</code></a><span title=\"Version is not explicitly stated, which means it is fixed to the version provided in this specification\"> version &#x1F4E6;0.1.0</span><table class=\"none\"><tr><td style=\"white-space:nowrap\"><b>Code</b></td><td><b>Display</b></td></tr><tr><td><a href=\"CodeSystem-intraoperative-complication-cs.html#intraoperative-complication-cs-major-bleeding\">major-bleeding</a></td><td style=\"color: #cccccc\">Major bleeding</td></tr><tr><td><a href=\"CodeSystem-intraoperative-complication-cs.html#intraoperative-complication-cs-bile-duct-injury\">bile-duct-injury</a></td><td style=\"color: #cccccc\">Bile duct injury</td></tr><tr><td><a href=\"CodeSystem-intraoperative-complication-cs.html#intraoperative-complication-cs-vessel-injury\">vessel-injury</a></td><td style=\"color: #cccccc\">Vessel injury</td></tr><tr><td><a href=\"CodeSystem-intraoperative-complication-cs.html#intraoperative-complication-cs-liver-ischemia\">liver-ischemia</a></td><td style=\"color: #cccccc\">Liver ischemia</td></tr><tr><td><a href=\"CodeSystem-intraoperative-complication-cs.html#intraoperative-complication-cs-other\">other</a></td><td style=\"color: #cccccc\">Other complication</td></tr></table></li></ul></div>"},"url":"http://example.org/fhir/ImplementationGuide/donor-ig/ValueSet/intraoperative-complication-vs","version":"0.1.0","name":"IntraoperativeComplicationVS","title":"Intraoperative Complications ValueSet","status":"draft","date":"2025-12-10T14:43:23+01:00","publisher":"Your Organization","contact":[{"name":"Your Organization","telecom":[{"system":"url","value":"https://example.org"}]}],"description":"Allowed intraoperative complications during liver transplantation.","compose":{"include":[{"system":"http://example.org/fhir/CodeSystem/intraoperative-complication","concept":[{"code":"major-bleeding"},{"code":"bile-duct-injury"},{"code":"vessel-injury"},{"code":"liver-ischemia"},{"code":"other"}]}]}}