{"resourceType":"ValueSet","id":"patient-abo-group-vs","text":{"status":"generated","div":"<div xmlns=\"http://www.w3.org/1999/xhtml\"><p class=\"res-header-id\"><b>Generated Narrative: ValueSet patient-abo-group-vs</b></p><a name=\"patient-abo-group-vs\"> </a><a name=\"hcpatient-abo-group-vs\"> </a><ul><li>Include these codes as defined in <a href=\"CodeSystem-patient-abo-group-cs.html\"><code>http://example.org/fhir/CodeSystem/patient-abo-group</code></a><span title=\"Version is not explicitly stated, which means it is fixed to the version provided in this specification\"> version &#x1F4E6;0.1.0</span><table class=\"none\"><tr><td style=\"white-space:nowrap\"><b>Code</b></td><td><b>Display</b></td></tr><tr><td><a href=\"CodeSystem-patient-abo-group-cs.html#patient-abo-group-cs-A\">A</a></td><td style=\"color: #cccccc\">Group A</td></tr><tr><td><a href=\"CodeSystem-patient-abo-group-cs.html#patient-abo-group-cs-B\">B</a></td><td style=\"color: #cccccc\">Group B</td></tr><tr><td><a href=\"CodeSystem-patient-abo-group-cs.html#patient-abo-group-cs-AB\">AB</a></td><td style=\"color: #cccccc\">Group AB</td></tr><tr><td><a href=\"CodeSystem-patient-abo-group-cs.html#patient-abo-group-cs-O\">O</a></td><td style=\"color: #cccccc\">Group O</td></tr></table></li></ul></div>"},"url":"http://example.org/fhir/ImplementationGuide/donor-ig/ValueSet/patient-abo-group-vs","version":"0.1.0","name":"PatientABOGroupVS","title":"Patient ABO Group ValueSet","status":"draft","date":"2025-12-10T13:58:21+01:00","publisher":"Your Organization","contact":[{"name":"Your Organization","telecom":[{"system":"url","value":"https://example.org"}]}],"description":"ABO blood groups for transplant recipients.","compose":{"include":[{"system":"http://example.org/fhir/CodeSystem/patient-abo-group","concept":[{"code":"A"},{"code":"B"},{"code":"AB"},{"code":"O"}]}]}}