{"resourceType":"ValueSet","id":"immunosuppressive-induction-dose-unit-vs","text":{"status":"generated","div":"<div xmlns=\"http://www.w3.org/1999/xhtml\"><p class=\"res-header-id\"><b>Generated Narrative: ValueSet immunosuppressive-induction-dose-unit-vs</b></p><a name=\"immunosuppressive-induction-dose-unit-vs\"> </a><a name=\"hcimmunosuppressive-induction-dose-unit-vs\"> </a><ul><li>Include all codes defined in <a href=\"CodeSystem-immunosuppressive-induction-dose-unit-cs.html\"><code>http://example.org/fhir/CodeSystem/immunosuppressive-induction-dose-unit</code></a><span title=\"Version is not explicitly stated, which means it is fixed to the version provided in this specification\"> version &#x1F4E6;0.1.0</span></li></ul></div>"},"url":"http://example.org/fhir/ValueSet/immunosuppressive-induction-dose-unit","version":"0.1.0","name":"ImmunosuppressiveInductionDoseUnitVS","title":"Immunosuppressant Induction Dose Unit","status":"draft","date":"2025-12-10T09:07:26+01:00","publisher":"Your Organization","contact":[{"name":"Your Organization","telecom":[{"system":"url","value":"https://example.org"}]}],"description":"ValueSet of units for immunosuppressant induction dose.","compose":{"include":[{"system":"http://example.org/fhir/CodeSystem/immunosuppressive-induction-dose-unit"}]}}