{"resourceType":"ValueSet","id":"biliary-anastomosis-type-vs","text":{"status":"generated","div":"<div xmlns=\"http://www.w3.org/1999/xhtml\"><p class=\"res-header-id\"><b>Generated Narrative: ValueSet biliary-anastomosis-type-vs</b></p><a name=\"biliary-anastomosis-type-vs\"> </a><a name=\"hcbiliary-anastomosis-type-vs\"> </a><ul><li>Include these codes as defined in <a href=\"CodeSystem-biliary-anastomosis-type-cs.html\"><code>http://example.org/fhir/CodeSystem/biliary-anastomosis-type</code></a><span title=\"Version is not explicitly stated, which means it is fixed to the version provided in this specification\"> version &#x1F4E6;0.1.0</span><table class=\"none\"><tr><td style=\"white-space:nowrap\"><b>Code</b></td><td><b>Display</b></td></tr><tr><td><a href=\"CodeSystem-biliary-anastomosis-type-cs.html#biliary-anastomosis-type-cs-duct-to-duct\">duct-to-duct</a></td><td style=\"color: #cccccc\">Duct-to-duct anastomosis</td></tr><tr><td><a href=\"CodeSystem-biliary-anastomosis-type-cs.html#biliary-anastomosis-type-cs-choledochoenterostomy\">choledochoenterostomy</a></td><td style=\"color: #cccccc\">Choledochoenterostomy</td></tr><tr><td><a href=\"CodeSystem-biliary-anastomosis-type-cs.html#biliary-anastomosis-type-cs-bilioenteric\">bilioenteric</a></td><td style=\"color: #cccccc\">Bilioenteric anastomosis</td></tr><tr><td><a href=\"CodeSystem-biliary-anastomosis-type-cs.html#biliary-anastomosis-type-cs-roux-en-y\">roux-en-y</a></td><td style=\"color: #cccccc\">Roux-en-Y hepaticojejunostomy</td></tr></table></li></ul></div>"},"url":"http://example.org/fhir/ImplementationGuide/donor-ig/ValueSet/biliary-anastomosis-type-vs","version":"0.1.0","name":"BiliaryAnastomosisTypeVS","title":"Type of surgical biliary anastomosis ValueSet","status":"draft","date":"2025-12-10T09:07:26+01:00","publisher":"Your Organization","contact":[{"name":"Your Organization","telecom":[{"system":"url","value":"https://example.org"}]}],"description":"Allowed types of biliary anastomosis in liver transplant.","compose":{"include":[{"system":"http://example.org/fhir/CodeSystem/biliary-anastomosis-type","concept":[{"code":"duct-to-duct"},{"code":"choledochoenterostomy"},{"code":"bilioenteric"},{"code":"roux-en-y"}]}]}}