{"resourceType":"ValueSet","id":"donor-pre-ktx-dialysis-type-vs","text":{"status":"generated","div":"<div xmlns=\"http://www.w3.org/1999/xhtml\"><p class=\"res-header-id\"><b>Generated Narrative: ValueSet donor-pre-ktx-dialysis-type-vs</b></p><a name=\"donor-pre-ktx-dialysis-type-vs\"> </a><a name=\"hcdonor-pre-ktx-dialysis-type-vs\"> </a><ul><li>Include these codes as defined in <a href=\"CodeSystem-donor-pre-ktx-dialysis-type-cs.html\"><code>http://example.org/fhir/CodeSystem/donor-pre-ktx-dialysis-type</code></a><span title=\"Version is not explicitly stated, which means it is fixed to the version provided in this specification\"> version &#x1F4E6;0.1.0</span><table class=\"none\"><tr><td style=\"white-space:nowrap\"><b>Code</b></td><td><b>Display</b></td></tr><tr><td><a href=\"CodeSystem-donor-pre-ktx-dialysis-type-cs.html#donor-pre-ktx-dialysis-type-cs-hemodialysis\">hemodialysis</a></td><td style=\"color: #cccccc\">Hemodialysis</td></tr><tr><td><a href=\"CodeSystem-donor-pre-ktx-dialysis-type-cs.html#donor-pre-ktx-dialysis-type-cs-peritoneal-dialysis\">peritoneal-dialysis</a></td><td style=\"color: #cccccc\">Peritoneal dialysis</td></tr></table></li></ul></div>"},"url":"http://example.org/fhir/ImplementationGuide/donor-ig/ValueSet/donor-pre-ktx-dialysis-type-vs","version":"0.1.0","name":"DonorPreKtxDialysisTypeVS","title":"Donor Pre-KTX Dialysis Type ValueSet","status":"draft","date":"2025-12-10T13:58:21+01:00","publisher":"Your Organization","contact":[{"name":"Your Organization","telecom":[{"system":"url","value":"https://example.org"}]}],"description":"Allowed dialysis types for donor prior to kidney transplant.","compose":{"include":[{"system":"http://example.org/fhir/CodeSystem/donor-pre-ktx-dialysis-type","concept":[{"code":"hemodialysis"},{"code":"peritoneal-dialysis"}]}]}}